sku,item_id,title,site,category,condition_id,condition,image_count,variation_image_count,variation_skus,listing_status,listing_type,price,quantity_available,start_time,url
018,377537139703,Beethoven - The Nine Symphonies - ESOTERIC SACD JA972 5-Disc from Japan,US,Music:CDs,4000,Very Good,1,0,,Active,FixedPriceItem,258.0,1,2026-10-01T21:59:36.000Z,https://www.ebay.com/itm/Beethoven-Nine-Symphonies-ESOTERIC-SACD-JA972-5-Disc-Japan-/377537139703
018,377537747988,Beethoven - The Nine Symphonies - ESOTERIC SACD JA972 5-Disc from Japan,Australia,Music:CDs,4000,Very good,1,0,,Active,FixedPriceItem,300.18,1,2026-10-02T03:30:06.000Z,https://www.ebay.com/itm/Beethoven-Nine-Symphonies-ESOTERIC-SACD-JA972-5-Disc-Japan-/377537747988
018,377537580270,Beethoven - The Nine Symphonies - ESOTERIC SACD JA972 5-Disc from Japan,UK,Music:CDs,4000,Very Good,1,0,,Active,FixedPriceItem,159.85,1,2026-10-02T02:08:03.000Z,https://www.ebay.com/itm/Beethoven-Nine-Symphonies-ESOTERIC-SACD-JA972-5-Disc-Japan-/377537580270
018,377537642540,Beethoven - The Nine Symphonies - ESOTERIC SACD JA972 5-Disc from Japan,Canada,Music:CDs,4000,Very Good,1,0,,Active,FixedPriceItem,299.16,1,2026-10-02T02:29:59.000Z,https://www.ebay.com/itm/Beethoven-Nine-Symphonies-ESOTERIC-SACD-JA972-5-Disc-Japan-/377537642540
018,377537747026,Beethoven - Die neun Symphonien - ESOTERIK SACD JA972 5-Disc aus Japan,Germany,Musik:CDs,4000,Sehr gut,1,0,,Active,FixedPriceItem,186.19,1,2026-10-02T03:29:49.000Z,https://www.ebay.com/itm/Beethoven-Die-neun-Symphonien-ESOTERIK-SACD-JA972-5-Disc-aus-Japan-/377537747026
1000,377485507091,Fate/EXTRA Plush Doll Tamamo no mae Caster Figure Gift Used Very Good Condition,US,Collectibles:Animation Art & Merchandise:Animation Merchandise:Plush Items,3000,Used,1,0,,Active,FixedPriceItem,327.0,1,2026-09-10T04:45:59.000Z,https://www.ebay.com/itm/Fate-EXTRA-Plush-Doll-Tamamo-no-mae-Caster-Figure-Gift-Used-Very-Good-Condition-/377485507091
1000,377485673751,Fate/EXTRA Plush Doll Tamamo no mae Caster Figure Gift Used Very Good Condition,Australia,Collectables:Animation Art & Merchandise:Animation Merchandise:Plush Items,3000,Used,1,0,,Active,FixedPriceItem,380.44,1,2026-09-10T06:35:18.000Z,https://www.ebay.com/itm/Fate-EXTRA-Plush-Doll-Tamamo-no-mae-Caster-Figure-Gift-Used-Very-Good-Condition-/377485673751
1000,377485702605,Fate/EXTRA Plush Doll Tamamo no mae Caster Figure Gift Used Very Good Condition,Canada,Collectibles:Animation Art & Merchandise:Animation Merchandise:Plush Items,3000,Used,1,0,,Active,FixedPriceItem,379.34,1,2026-09-10T06:56:30.000Z,https://www.ebay.com/itm/Fate-EXTRA-Plush-Doll-Tamamo-no-mae-Caster-Figure-Gift-Used-Very-Good-Condition-/377485702605
1000,377485727700,Fate/EXTRA Plüsch Puppe Tamamo no mae Caster Figur Geschenk gebraucht sehr...,Germany,Sammeln & Seltenes:Animationskunst & Merchandising:Animations Merchandising:Plüschtiere,3000,Gebraucht,1,0,,Active,FixedPriceItem,236.2,1,2026-09-10T07:13:10.000Z,https://www.ebay.com/itm/Fate-EXTRA-Plusch-Puppe-Tamamo-no-mae-Caster-Figur-Geschenk-gebraucht-sehr-/377485727700
1000,377485728227,Fate/EXTRA Peluche Muñeca Tamamo no mae Caster Figura Regalo Usado Muy Buen...,Spain,Coleccionismo:Dibujos animados,3000,Usado,1,0,,Active,FixedPriceItem,236.2,1,2026-09-10T07:13:53.000Z,https://www.ebay.com/itm/Fate-EXTRA-Peluche-Muneca-Tamamo-no-mae-Caster-Figura-Regalo-Usado-Muy-Buen-/377485728227
1000,377485728596,Fate/EXTRA Peluche Doll Tamamo no mae Caster Figure Regalo Usato Ottime...,Italy,Collezionismo:Personaggi da collezione:Altri personaggi,3000,Usato,1,0,,Active,FixedPriceItem,236.2,1,2026-09-10T07:14:24.000Z,https://www.ebay.com/itm/Fate-EXTRA-Peluche-Doll-Tamamo-no-mae-Caster-Figure-Regalo-Usato-Ottime-/377485728596
1000,377486076082,Peluche Fate/EXTRA poupée Tamamo no mae caster figurine cadeau occasion...,France,Collections:Autres,3000,Occasion,1,0,,Active,FixedPriceItem,236.2,1,2026-09-10T09:55:27.000Z,https://www.ebay.com/itm/Peluche-Fate-EXTRA-poupee-Tamamo-no-mae-caster-figurine-cadeau-occasion-/377486076082
1000,377486227331,Fate/EXTRA Plush Doll Tamamo no mae Caster Figure Gift Used Very Good Condition,UK,Collectables:Animation Art & Merchandise:Animation Merchandise:Other Animation Merchandise,3000,Used,1,0,,Active,FixedPriceItem,202.77,1,2026-09-10T11:10:36.000Z,https://www.ebay.com/itm/Fate-EXTRA-Plush-Doll-Tamamo-no-mae-Caster-Figure-Gift-Used-Very-Good-Condition-/377486227331
1057,377532315354,Fire Emblem Warriors: Three Hopes Original Soundtrack CD 4 Post Card Used,Australia,Music:CDs,4000,Very good,1,0,,Active,FixedPriceItem,246.66,1,2026-09-29T22:52:00.000Z,https://www.ebay.com/itm/Fire-Emblem-Warriors-Three-Hopes-Original-Soundtrack-CD-4-Post-Card-Used-/377532315354
1057,377532301672,Fire Emblem Warriors: Three Hopes Original Soundtrack CD 4 Post Card Used,US,Music:CDs,4000,Very Good,1,0,,Active,FixedPriceItem,212.0,1,2026-09-29T22:45:34.000Z,https://www.ebay.com/itm/Fire-Emblem-Warriors-Three-Hopes-Original-Soundtrack-CD-4-Post-Card-Used-/377532301672
1057,377532319181,Fire Emblem Warriors: Three Hopes Original Soundtrack CD 4 Post Card Used,Canada,Music:CDs,4000,Very Good,1,0,,Active,FixedPriceItem,245.82,1,2026-09-29T22:55:38.000Z,https://www.ebay.com/itm/Fire-Emblem-Warriors-Three-Hopes-Original-Soundtrack-CD-4-Post-Card-Used-/377532319181
1057,377532318081,Fire Emblem Warriors: Three Hopes Original Soundtrack CD 4 Postkarte gebraucht,Germany,Musik:CDs,4000,Sehr gut,1,0,,Active,FixedPriceItem,152.99,1,2026-09-29T22:54:26.000Z,https://www.ebay.com/itm/Fire-Emblem-Warriors-Three-Hopes-Original-Soundtrack-CD-4-Postkarte-gebraucht-/377532318081
1057,377532318421,Fire Emblem Warriors: Three Hopes Original Soundtrack CD 4 postal usada,Spain,"Música, CDs y vinilos:CDs",4000,En muy buen estado,1,0,,Active,FixedPriceItem,152.99,1,2026-09-29T22:54:49.000Z,https://www.ebay.com/itm/Fire-Emblem-Warriors-Three-Hopes-Original-Soundtrack-CD-4-postal-usada-/377532318421
1057,377532319012,Fire Emblem Warriors: Three Hopes Original Soundtrack CD 4 Post Card Used,UK,Music:CDs,4000,Very Good,1,0,,Active,FixedPriceItem,131.35,1,2026-09-29T22:55:27.000Z,https://www.ebay.com/itm/Fire-Emblem-Warriors-Three-Hopes-Original-Soundtrack-CD-4-Post-Card-Used-/377532319012
1057,377532332065,Fire Emblem Warriors: Three Hopes colonna sonora originale CD 4 cartolina usata,Italy,"Musica, CD e vinili:CD",4000,Ottime condizioni,1,0,,Active,FixedPriceItem,152.99,1,2026-09-29T23:04:39.000Z,https://www.ebay.com/itm/Fire-Emblem-Warriors-Three-Hopes-colonna-sonora-originale-CD-4-cartolina-usata-/377532332065
1057,377532345784,Fire Emblem Warriors : Three Hopes Original Soundtrack CD 4 Post Card Used,France,"Musique, CD, vinyles:CD",4000,Très bon état,1,0,,Active,FixedPriceItem,152.99,1,2026-09-29T23:12:19.000Z,https://www.ebay.com/itm/Fire-Emblem-Warriors-Three-Hopes-Original-Soundtrack-CD-4-Post-Card-Used-/377532345784
1071,377504794801,Octopath Traveler Music Box Character Dot Main Theme Song Toy Square Enix Used,US,Collectibles:Decorative Collectibles:Music Boxes,3000,Used,1,0,,Active,FixedPriceItem,255.0,1,2026-09-18T03:16:16.000Z,https://www.ebay.com/itm/Octopath-Traveler-Music-Box-Character-Dot-Main-Theme-Song-Toy-Square-Enix-Used-/377504794801
1071,377504960581,Octopath Traveler Music Box Character Dot Main Theme Song Toy Square Enix Used,Australia,Collectables:Decorative Collectables:Music Boxes,3000,Used,1,0,,Active,FixedPriceItem,296.69,1,2026-09-18T04:39:34.000Z,https://www.ebay.com/itm/Octopath-Traveler-Music-Box-Character-Dot-Main-Theme-Song-Toy-Square-Enix-Used-/377504960581
1071,377504893559,Octopath Traveler Music Box Character Dot Main Theme Song Toy Square Enix Used,Canada,Collectibles:Decorative Collectibles:Music Boxes,3000,Used,1,0,,Active,FixedPriceItem,295.68,1,2026-09-18T03:59:40.000Z,https://www.ebay.com/itm/Octopath-Traveler-Music-Box-Character-Dot-Main-Theme-Song-Toy-Square-Enix-Used-/377504893559
1071,377504954664,Octopath Traveler Music Box Character Dot Main Theme Song Toy Square Enix Used,UK,Collectables:Decorative Collectables:Music Boxes,3000,Used,1,0,,Active,FixedPriceItem,158.0,1,2026-09-18T04:32:08.000Z,https://www.ebay.com/itm/Octopath-Traveler-Music-Box-Character-Dot-Main-Theme-Song-Toy-Square-Enix-Used-/377504954664
1071,377504960308,Octopath Traveler Caja de Música Personaje Punto Tema Principal Canción...,Spain,Coleccionismo:Adornos y platos decorativos,3000,Usado,1,0,,Active,FixedPriceItem,184.02,1,2026-09-18T04:39:26.000Z,https://www.ebay.com/itm/Octopath-Traveler-Caja-Musica-Personaje-Punto-Tema-Principal-Cancion-/377504960308
1071,377504961260,Octopath Traveler Music Box Personaggio Punto Tema Principale Canzone...,Italy,Collezionismo:Collezioni diverse:Carillon,3000,Usato,1,0,,Active,FixedPriceItem,184.02,1,2026-09-18T04:40:07.000Z,https://www.ebay.com/itm/Octopath-Traveler-Music-Box-Personaggio-Punto-Tema-Principale-Canzone-/377504961260
1071,377504962776,Octopath Traveler Music Box Character Dot Main Theme Song Toy Square Enix...,France,Collections:Autres,3000,Occasion,1,0,,Active,FixedPriceItem,184.02,1,2026-09-18T04:41:16.000Z,https://www.ebay.com/itm/Octopath-Traveler-Music-Box-Character-Dot-Main-Theme-Song-Toy-Square-Enix-/377504962776
1071,377505212652,Octopath Traveler Spieluhr Figur Punkt Hauptthema Song Spielzeug Quadrat...,Germany,Sammeln & Seltenes:Dekoration & Interieur:Spieluhren & -dosen,3000,Gebraucht,1,0,,Active,FixedPriceItem,184.02,1,2026-09-18T07:09:15.000Z,https://www.ebay.com/itm/Octopath-Traveler-Spieluhr-Figur-Punkt-Hauptthema-Song-Spielzeug-Quadrat-/377505212652
1118,377482652072,1/144 HG 7-Eleven Clear Color Set Mobile Suit Gundam 2011 Used Very Good,US,Toys & Hobbies:Models & Kits:Figures,3000,Used,1,0,,Active,FixedPriceItem,414.0,1,2026-09-09T02:17:23.000Z,https://www.ebay.com/itm/1-144-HG-7-Eleven-Clear-Color-Set-Mobile-Suit-Gundam-2011-Used-Very-Good-/377482652072
1118,377482790513,1/144 HG 7-Eleven Clear Color Set Mobile Suit Gundam 2011 Used Very Good,Australia,Toys & Hobbies:Models & Kits:Figures,3000,Used,1,0,,Active,FixedPriceItem,488.77,1,2026-09-09T03:19:11.000Z,https://www.ebay.com/itm/1-144-HG-7-Eleven-Clear-Color-Set-Mobile-Suit-Gundam-2011-Used-Very-Good-/377482790513
1118,377482788807,1/144 HG 7-Eleven Clear Color Set Mobile Suit Gundam 2011 Used Very Good,Canada,Toys & Hobbies:Models & Kits:Figures,3000,Used,1,0,,Active,FixedPriceItem,489.09,1,2026-09-09T03:17:35.000Z,https://www.ebay.com/itm/1-144-HG-7-Eleven-Clear-Color-Set-Mobile-Suit-Gundam-2011-Used-Very-Good-/377482788807
1118,377482851380,1/144 HG 7-Eleven Clear Color Set Mobile Suit Gundam 2011 Gebraucht Sehr Gut,Germany,Modellbau:Modellbausätze:Figuren,3000,Gebraucht,1,0,,Active,FixedPriceItem,303.74,1,2026-09-09T03:55:24.000Z,https://www.ebay.com/itm/1-144-HG-7-Eleven-Clear-Color-Set-Mobile-Suit-Gundam-2011-Gebraucht-Sehr-Gut-/377482851380
1118,377482853212,1/144 HG 7-Eleven Clear Color Set Mobile Suit Gundam 2011 Occasion très bon état,France,"Jouets et jeux:Maquettes, accessoires:Autres",3000,Occasion,1,0,,Active,FixedPriceItem,303.74,1,2026-09-09T03:57:07.000Z,https://www.ebay.com/itm/1-144-HG-7-Eleven-Clear-Color-Set-Mobile-Suit-Gundam-2011-Occasion-tres-bon-etat-/377482853212
1118,377482853626,1/144 HG 7-Eleven Clear Color Set Mobile Suit Gundam 2011 Used Very Good,UK,Toys & Games:Models & Kits:Figures,3000,Used,1,0,,Active,FixedPriceItem,260.58,1,2026-09-09T03:57:40.000Z,https://www.ebay.com/itm/1-144-HG-7-Eleven-Clear-Color-Set-Mobile-Suit-Gundam-2011-Used-Very-Good-/377482853626
1118,377482854667,1/144 HG 7-Eleven Clear Color Set Mobile Suit Gundam 2011 usato molto buono,Italy,Giocattoli e modellismo:Soldatini e figurini:Altro soldatini e figurini,3000,Usato,1,0,,Active,FixedPriceItem,303.74,1,2026-09-09T03:58:18.000Z,https://www.ebay.com/itm/1-144-HG-7-Eleven-Clear-Color-Set-Mobile-Suit-Gundam-2011-usato-molto-buono-/377482854667
1118,377482859532,1/144 HG 7-Eleven Clear Color Set Mobile Suit Gundam 2011 Usado Muy Bueno,Spain,"Juguetes:Automodelismo y aeromodelismo:Accesorios, piezas y vitrinas:Figuras y personajes",3000,Usado,1,0,,Active,FixedPriceItem,303.74,1,2026-09-09T04:00:07.000Z,https://www.ebay.com/itm/1-144-HG-7-Eleven-Clear-Color-Set-Mobile-Suit-Gundam-2011-Usado-Muy-Bueno-/377482859532
1138,377527738338,Gyakuten Saiban Art Book Visual Book Ace Attorney Investigation Japanese Used,US,Collectibles:Animation Art & Merchandise:Animation Merchandise:Other Animation Merchandise,3000,Used,1,0,,Active,FixedPriceItem,128.0,1,2026-09-28T02:25:07.000Z,https://www.ebay.com/itm/Gyakuten-Saiban-Art-Book-Visual-Book-Ace-Attorney-Investigation-Japanese-Used-/377527738338
1138,377528047894,Gyakuten Saiban Art Book Visual Book Ace Attorney Investigation Japanese Used,Australia,Collectables:Animation Art & Merchandise:Animation Merchandise:Other Animation Merchandise,3000,Used,1,0,,Active,FixedPriceItem,148.92,1,2026-09-28T05:21:58.000Z,https://www.ebay.com/itm/Gyakuten-Saiban-Art-Book-Visual-Book-Ace-Attorney-Investigation-Japanese-Used-/377528047894
1138,377527982430,Gyakuten Saiban Art Book Visual Book Ace Attorney Investigation Japanese Used,Canada,Collectibles:Animation Art & Merchandise:Animation Merchandise:Other Animation Merchandise,3000,Used,1,0,,Active,FixedPriceItem,148.42,1,2026-09-28T04:40:25.000Z,https://www.ebay.com/itm/Gyakuten-Saiban-Art-Book-Visual-Book-Ace-Attorney-Investigation-Japanese-Used-/377527982430
1138,377528046950,Gyakuten Saiban Art Book Visual Book Ace Attorney Investigation Japanese Used,Germany,Sammeln & Seltenes:Animationskunst & Merchandising:Animations Merchandising:Sonstige,3000,Gebraucht,1,0,,Active,FixedPriceItem,92.37,1,2026-09-28T05:21:15.000Z,https://www.ebay.com/itm/Gyakuten-Saiban-Art-Book-Visual-Book-Ace-Attorney-Investigation-Japanese-Used-/377528046950
1138,377528049160,Gyakuten Saiban Art Book Visual Book Ace Attorney Investigation giapponese usato,Italy,Collezionismo:Personaggi da collezione:Altri personaggi,3000,Usato,1,0,,Active,FixedPriceItem,92.37,1,2026-09-28T05:23:12.000Z,https://www.ebay.com/itm/Gyakuten-Saiban-Art-Book-Visual-Book-Ace-Attorney-Investigation-giapponese-usato-/377528049160
1138,377528050096,Gyakuten Saiban Art Book Visual Book Ace Attorney Investigation Japanese Used,UK,Collectables:Animation Art & Merchandise:Animation Merchandise:Other Animation Merchandise,3000,Used,1,0,,Active,FixedPriceItem,79.3,1,2026-09-28T05:23:49.000Z,https://www.ebay.com/itm/Gyakuten-Saiban-Art-Book-Visual-Book-Ace-Attorney-Investigation-Japanese-Used-/377528050096
1138,377528214070,Libro de arte Gyakuten Saiban libro visual Ace abogado investigación...,Spain,Coleccionismo:Dibujos animados,3000,Usado,1,0,,Active,FixedPriceItem,92.37,1,2026-09-28T06:55:52.000Z,https://www.ebay.com/itm/Libro-arte-Gyakuten-Saiban-libro-visual-Ace-abogado-investigacion-/377528214070
1138,377528218106,Livre d'art Gyakuten Saiban livre visuel Ace Attorney Investigation...,France,Collections:Autres,3000,Occasion,1,0,,Active,FixedPriceItem,92.37,1,2026-09-28T06:58:11.000Z,https://www.ebay.com/itm/Livre-dart-Gyakuten-Saiban-livre-visuel-Ace-Attorney-Investigation-/377528218106
1161,377525913245,Star Trek LASERDISC Space Operation TV Complete 3 BOX All 79 Episodes Used,US,Movies & TV:Laserdiscs,4000,Very Good,1,0,,Active,FixedPriceItem,460.0,1,2026-09-27T04:50:23.000Z,https://www.ebay.com/itm/Star-Trek-LASERDISC-Space-Operation-TV-Complete-3-BOX-All-79-Episodes-Used-/377525913245
1161,377536336058,Star Trek LASERDISC Space Operation TV Complete 3 BOX All 79 Episodes Used,Australia,Movies & TV:Laserdiscs,4000,Very good,1,0,,Active,FixedPriceItem,535.21,1,2026-10-01T14:30:41.000Z,https://www.ebay.com/itm/Star-Trek-LASERDISC-Space-Operation-TV-Complete-3-BOX-All-79-Episodes-Used-/377536336058
1161,377536333586,Star Trek LASERDISC Space Operation TV komplett 3 BOX alle 79 Folgen gebraucht,Germany,Filme & Serien:LaserDiscs,4000,Sehr gut,1,0,,Active,FixedPriceItem,331.96,1,2026-10-01T14:30:14.000Z,https://www.ebay.com/itm/Star-Trek-LASERDISC-Space-Operation-TV-komplett-3-BOX-alle-79-Folgen-gebraucht-/377536333586
1161,377536338817,Star Trek LASERDISC Space Operation TV Complete 3 BOX All 79 Episodes Used,UK,Films & TV:LaserDiscs,4000,Very Good,1,0,,Active,FixedPriceItem,285.01,1,2026-10-01T14:31:05.000Z,https://www.ebay.com/itm/Star-Trek-LASERDISC-Space-Operation-TV-Complete-3-BOX-All-79-Episodes-Used-/377536338817
1161,377536342722,Star Trek LASERDISC Space Operation TV Complete 3 CAJA Todos los 79...,Spain,"Cine, DVD y películas:LaserDiscs",4000,En muy buen estado,1,0,,Active,FixedPriceItem,331.96,1,2026-10-01T14:31:28.000Z,https://www.ebay.com/itm/Star-Trek-LASERDISC-Space-Operation-TV-Complete-3-CAJA-Todos-los-79-/377536342722
1161,377536380562,Star Trek LASERDISC Space Operation TV Complete 3 BOX All 79 Episodes Used,Canada,Movies & TV:Laserdiscs,4000,Very Good,1,0,,Active,FixedPriceItem,533.38,1,2026-10-01T14:42:16.000Z,https://www.ebay.com/itm/Star-Trek-LASERDISC-Space-Operation-TV-Complete-3-BOX-All-79-Episodes-Used-/377536380562
1161,377536696215,Star Trek LASERDISC Space Operation TV completo di 3 SCATOLE tutti i 79...,Italy,Film e DVD:LaserDisc,4000,Ottime condizioni,1,0,,Active,FixedPriceItem,331.96,1,2026-10-01T17:29:05.000Z,https://www.ebay.com/itm/Star-Trek-LASERDISC-Space-Operation-TV-completo-di-3-SCATOLE-tutti-79-/377536696215
1161,377536698761,Star Trek LASERDISC Space Operation TV Complete 3 BOX All 79 Episodes Used,France,"DVD, cinéma:Laserdiscs",4000,Très bon état,1,0,,Active,FixedPriceItem,331.96,1,2026-10-01T17:29:57.000Z,https://www.ebay.com/itm/Star-Trek-LASERDISC-Space-Operation-TV-Complete-3-BOX-All-79-Episodes-Used-/377536698761
120,377492019992,Gafas Auto Focus 01 Vixion Zero One Tipo Gafas Usables Negro Usado Casi...,Spain,Belleza y salud:Cuidado de la vista y óptica:Monturas de gafas,3000,Usado,1,0,,Active,FixedPriceItem,285.77,1,2026-09-13T05:07:30.000Z,https://www.ebay.com/itm/Gafas-Auto-Focus-01-Vixion-Zero-One-Tipo-Gafas-Usables-Negro-Usado-Casi-/377492019992
122,377469499658,KATO 3-516 HO Gauge E5 Series Shinkansen Hayabusa 4 Car Basic Set JR East Used,US,Toys & Hobbies:Model Railroads & Trains:Railroads & Trains:Other Railroads & Trains,3000,Used,1,0,,Active,FixedPriceItem,631.0,1,2026-09-04T04:01:42.000Z,https://www.ebay.com/itm/KATO-3-516-HO-Gauge-E5-Series-Shinkansen-Hayabusa-4-Car-Basic-Set-JR-East-Used-/377469499658
122,377469729137,KATO 3-516 HO Gauge E5 Series Shinkansen Hayabusa 4 Car Basic Set JR East Used,Canada,Toys & Hobbies:Model Railroads & Trains:Railroads & Trains:Locomotives,3000,Used,1,0,,Active,FixedPriceItem,749.37,1,2026-09-04T06:43:05.000Z,https://www.ebay.com/itm/KATO-3-516-HO-Gauge-E5-Series-Shinkansen-Hayabusa-4-Car-Basic-Set-JR-East-Used-/377469729137
122,377469872625,KATO 3-516 HO Gauge E5 Series Shinkansen Hayabusa 4 Car Basic Set JR East Used,Australia,Toys & Hobbies:Model Railways & Trains:Railways & Trains:Other Railways & Trains,3000,Used,1,0,,Active,FixedPriceItem,755.91,1,2026-09-04T08:04:11.000Z,https://www.ebay.com/itm/KATO-3-516-HO-Gauge-E5-Series-Shinkansen-Hayabusa-4-Car-Basic-Set-JR-East-Used-/377469872625
122,377469868895,KATO 3-516 HO Spur E5 Serie Shinkansen Hayabusa 4 Wagen Grundset JR Ost gebra...,Germany,Modellbau:Modelleisenbahn:Modelleisenbahnen & Züge:Sonstige,3000,Gebraucht,1,0,,Active,FixedPriceItem,465.76,1,2026-09-04T08:00:34.000Z,https://www.ebay.com/itm/KATO-3-516-HO-Spur-E5-Serie-Shinkansen-Hayabusa-4-Wagen-Grundset-JR-Ost-gebra-/377469868895
122,377469870823,KATO 3-516 HO Gauge E5 Series Shinkansen Hayabusa 4 Car Basic Set JR East Usado,Spain,Juguetes:Modelismo ferroviario:Otras escalas:Otros,3000,Usado,1,0,,Active,FixedPriceItem,465.76,1,2026-09-04T08:02:26.000Z,https://www.ebay.com/itm/KATO-3-516-HO-Gauge-E5-Series-Shinkansen-Hayabusa-4-Car-Basic-Set-JR-East-Usado-/377469870823
122,377469871596,KATO 3-516 HO Gauge E5 Series Shinkansen Hayabusa 4 Car Basic Set JR East Usato,Italy,Giocattoli e modellismo:Modellismo ferroviario:Altre scale:Altro per altre scale,3000,Usato,1,0,,Active,FixedPriceItem,465.76,1,2026-09-04T08:03:10.000Z,https://www.ebay.com/itm/KATO-3-516-HO-Gauge-E5-Series-Shinkansen-Hayabusa-4-Car-Basic-Set-JR-East-Usato-/377469871596
122,377469872154,KATO 3-516 HO Gauge E5 Series Shinkansen Hayabusa 4 Car Basic Set JR East Used,France,Jouets et jeux:Modélisme ferroviaire:Échelles rares:Autres,3000,Occasion,1,0,,Active,FixedPriceItem,462.31,1,2026-09-04T08:03:45.000Z,https://www.ebay.com/itm/KATO-3-516-HO-Gauge-E5-Series-Shinkansen-Hayabusa-4-Car-Basic-Set-JR-East-Used-/377469872154
122,377471167106,KATO 3-516 HO Gauge E5 Series Shinkansen Hayabusa 4 Car Basic Set JR East Used,UK,Collectables:Model Railways & Trains:Railways & Trains:Other Railways & Trains,3000,Used,1,0,,Active,FixedPriceItem,400.97,1,2026-09-04T19:48:37.000Z,https://www.ebay.com/itm/KATO-3-516-HO-Gauge-E5-Series-Shinkansen-Hayabusa-4-Car-Basic-Set-JR-East-Used-/377471167106
1338,377507104174,Ado Usseewa BIG 12in 30cm Plush Doll Open Mouth Taito Prize Used Very Good,US,Collectibles:Animation Art & Merchandise:Animation Merchandise:Plush Items,3000,Used,1,0,,Active,FixedPriceItem,142.0,1,2026-09-19T00:32:32.000Z,https://www.ebay.com/itm/Ado-Usseewa-BIG-12in-30cm-Plush-Doll-Open-Mouth-Taito-Prize-Used-Very-Good-/377507104174
1338,377509064093,Ado Usseewa BIG 12in 30cm Plush Doll Open Mouth Taito Prize Used Very Good,Australia,Collectables:Animation Art & Merchandise:Animation Merchandise:Other Animation Merchandise,3000,Used,1,0,,Active,FixedPriceItem,167.65,1,2026-09-19T20:59:10.000Z,https://www.ebay.com/itm/Ado-Usseewa-BIG-12in-30cm-Plush-Doll-Open-Mouth-Taito-Prize-Used-Very-Good-/377509064093
1338,377509018587,Ado Usseewa BIG 12in 30cm Plush Doll Open Mouth Taito Prize Used Very Good,Canada,Collectibles:Animation Art & Merchandise:Animation Merchandise:Plush Items,3000,Used,1,0,,Active,FixedPriceItem,167.76,1,2026-09-19T20:26:21.000Z,https://www.ebay.com/itm/Ado-Usseewa-BIG-12in-30cm-Plush-Doll-Open-Mouth-Taito-Prize-Used-Very-Good-/377509018587
1338,377509054378,Ado Usseewa BIG 12in 30cm Peluche Bambola Bocca Aperta Premio Taito Usato Ottimo,Italy,Collezionismo:Personaggi da collezione:Altri personaggi,3000,Usato,1,0,,Active,FixedPriceItem,104.19,1,2026-09-19T20:50:34.000Z,https://www.ebay.com/itm/Ado-Usseewa-BIG-12in-30cm-Peluche-Bambola-Bocca-Aperta-Premio-Taito-Usato-Ottimo-/377509054378
1338,377509055010,Ado Usseewa BIG 12 pulgadas 30 cm muñeca de peluche boca abierta premio Taito...,Spain,Coleccionismo:Dibujos animados,3000,Usado,1,0,,Active,FixedPriceItem,104.19,1,2026-09-19T20:50:50.000Z,https://www.ebay.com/itm/Ado-Usseewa-BIG-12-pulgadas-30-cm-muneca-peluche-boca-abierta-premio-Taito-/377509055010
1338,377509056588,Peluche poupée Ado Usseewa BIG 12 pouces 30 cm bouche ouverte prix Taito occa...,France,Collections:Autres,3000,Occasion,1,0,,Active,FixedPriceItem,104.19,1,2026-09-19T20:51:32.000Z,https://www.ebay.com/itm/Peluche-poupee-Ado-Usseewa-BIG-12-pouces-30-cm-bouche-ouverte-prix-Taito-occa-/377509056588
1338,377509088552,Ado Usseewa BIG 12 Zoll 30 cm Plüsch Puppe Offener Mund Taito Preis Gebraucht...,Germany,Sammeln & Seltenes:Animationskunst & Merchandising:Animations Merchandising:Sonstige,3000,Gebraucht,1,0,,Active,FixedPriceItem,104.19,1,2026-09-19T21:16:34.000Z,https://www.ebay.com/itm/Ado-Usseewa-BIG-12-Zoll-30-cm-Plusch-Puppe-Offener-Mund-Taito-Preis-Gebraucht-/377509088552
1338,377509089901,Ado Usseewa BIG 12in 30cm Plush Doll Open Mouth Taito Prize Used Very Good,UK,Collectables:Animation Art & Merchandise:Animation Merchandise:Other Animation Merchandise,3000,Used,1,0,,Active,FixedPriceItem,89.38,1,2026-09-19T21:19:08.000Z,https://www.ebay.com/itm/Ado-Usseewa-BIG-12in-30cm-Plush-Doll-Open-Mouth-Taito-Prize-Used-Very-Good-/377509089901
1344,377485511139,Danzig / Danzig US Original LP Official Vinyl Album DEF 24208 Def American Used,US,Music:Vinyl Records,3000,Used,1,0,,Active,FixedPriceItem,783.0,1,2026-09-10T04:49:26.000Z,https://www.ebay.com/itm/Danzig-Danzig-US-Original-LP-Official-Vinyl-Album-DEF-24208-Def-American-Used-/377485511139
1344,377485674710,Danzig / Danzig US Original LP Official Vinyl Album DEF 24208 Def American Used,Canada,Music:Vinyl Records,3000,Used,1,0,,Active,FixedPriceItem,925.02,1,2026-09-10T06:36:14.000Z,https://www.ebay.com/itm/Danzig-Danzig-US-Original-LP-Official-Vinyl-Album-DEF-24208-Def-American-Used-/377485674710
1344,377485703085,Danzig / Danzig US Original LP Official Vinyl Album DEF 24208 Def American Used,UK,Music:Other Formats,5000,Good,1,0,,Active,FixedPriceItem,492.82,1,2026-09-10T06:57:27.000Z,https://www.ebay.com/itm/Danzig-Danzig-US-Original-LP-Official-Vinyl-Album-DEF-24208-Def-American-Used-/377485703085
1344,377485728284,Danzig / Danzig US Original LP Official Vinyl Album DEF 24208 Def American Used,Germany,Musik:Weitere Formate,5000,Gut,1,0,,Active,FixedPriceItem,574.48,1,2026-09-10T07:13:56.000Z,https://www.ebay.com/itm/Danzig-Danzig-US-Original-LP-Official-Vinyl-Album-DEF-24208-Def-American-Used-/377485728284
1344,377486076921,Danzig / Danzig US Original LP Official Vinyl Album DEF 24208 Def American Used,Australia,Music:Other Formats,5000,Good,1,0,,Active,FixedPriceItem,924.41,1,2026-09-10T09:56:15.000Z,https://www.ebay.com/itm/Danzig-Danzig-US-Original-LP-Official-Vinyl-Album-DEF-24208-Def-American-Used-/377486076921
1344,377486471164,Danzig / Danzig US Original LP Official Vinyl Album DEF 24208 Def American Usado,Spain,"Música, CDs y vinilos:Vinilos",5000,En buen estado,1,0,,Active,FixedPriceItem,574.48,1,2026-09-10T13:15:31.000Z,https://www.ebay.com/itm/Danzig-Danzig-US-Original-LP-Official-Vinyl-Album-DEF-24208-Def-American-Usado-/377486471164
1344,377486478532,Danzig / Danzig US Original LP album vinyle officiel DEF 24208 Def American Used,France,"Musique, CD, vinyles:Vinyles",3000,Occasion,1,0,,Active,FixedPriceItem,574.48,1,2026-09-10T13:21:10.000Z,https://www.ebay.com/itm/Danzig-Danzig-US-Original-LP-album-vinyle-officiel-DEF-24208-Def-American-Used-/377486478532
1344,377486479670,Danzica / Danzica US Original LP Album Vinile Ufficiale DEF 24208 Def America...,Italy,"Musica, CD e vinili:Musicassette:Altro musicassette",5000,Buone condizioni,1,0,,Active,FixedPriceItem,574.48,1,2026-09-10T13:22:17.000Z,https://www.ebay.com/itm/Danzica-Danzica-US-Original-LP-Album-Vinile-Ufficiale-DEF-24208-Def-America-/377486479670
1411,377529954799,Final Fantasy VII REMAKE Mini Figure Cloud Strife Square Enix Used Very Good,Australia,Collectables:Animation Art & Merchandise:Animation Merchandise:Figures & Statues,3000,Used,1,0,,Active,FixedPriceItem,238.52,1,2026-09-29T00:08:00.000Z,https://www.ebay.com/itm/Final-Fantasy-VII-REMAKE-Mini-Figure-Cloud-Strife-Square-Enix-Used-Very-Good-/377529954799
1411,377529921226,Final Fantasy VII REMAKE Mini Figure Cloud Strife Square Enix Used Very Good,US,Collectibles:Animation Art & Merchandise:Animation Merchandise:Figures & Statues,3000,Used,1,0,,Active,FixedPriceItem,205.0,1,2026-09-28T23:44:54.000Z,https://www.ebay.com/itm/Final-Fantasy-VII-REMAKE-Mini-Figure-Cloud-Strife-Square-Enix-Used-Very-Good-/377529921226
1411,377529939543,Final Fantasy VII REMAKE Mini Figure Cloud Strife Square Enix Used Very Good,Canada,Collectibles:Animation Art & Merchandise:Animation Merchandise:Figures & Statues,3000,Used,1,0,,Active,FixedPriceItem,237.7,1,2026-09-28T23:58:22.000Z,https://www.ebay.com/itm/Final-Fantasy-VII-REMAKE-Mini-Figure-Cloud-Strife-Square-Enix-Used-Very-Good-/377529939543
1411,377529965249,Final Fantasy VII REMAKE Mini Figure Cloud Strife Square Enix Used Very Good,UK,Collectables:Animation Art & Merchandise:Animation Merchandise:Figures & Statues,3000,Used,1,0,,Active,FixedPriceItem,127.02,1,2026-09-29T00:11:48.000Z,https://www.ebay.com/itm/Final-Fantasy-VII-REMAKE-Mini-Figure-Cloud-Strife-Square-Enix-Used-Very-Good-/377529965249
1411,377529971696,Mini figurine Final Fantasy VII REMAKE Cloud Strife Square Enix d'occasion...,France,Collections:Autres,3000,Occasion,1,0,,Active,FixedPriceItem,147.94,1,2026-09-29T00:14:11.000Z,https://www.ebay.com/itm/Mini-figurine-Final-Fantasy-VII-REMAKE-Cloud-Strife-Square-Enix-doccasion-/377529971696
1411,377530155610,Final Fantasy VII REMAKE Mini Figur Cloud Strife Square Enix Gebraucht Sehr Gut,Germany,Sammeln & Seltenes:Figuren & Statuen:Aufstellfiguren & Statuen,3000,Gebraucht,1,0,,Active,FixedPriceItem,147.94,1,2026-09-29T01:48:07.000Z,https://www.ebay.com/itm/Final-Fantasy-VII-REMAKE-Mini-Figur-Cloud-Strife-Square-Enix-Gebraucht-Sehr-Gut-/377530155610
1411,377530156812,Final Fantasy VII REMAKE Mini Figure Cloud Strife Square Enix Usato Ottimo,Italy,Collezionismo:Personaggi da collezione:Altri personaggi,3000,Usato,1,0,,Active,FixedPriceItem,147.94,1,2026-09-29T01:48:41.000Z,https://www.ebay.com/itm/Final-Fantasy-VII-REMAKE-Mini-Figure-Cloud-Strife-Square-Enix-Usato-Ottimo-/377530156812
1411,377530314212,Final Fantasy VII REMAKE Mini Figura Cloud Strife Square Enix Usado Muy Bueno,Spain,Coleccionismo:Dibujos animados,3000,Usado,1,0,,Active,FixedPriceItem,147.94,1,2026-09-29T02:47:19.000Z,https://www.ebay.com/itm/Final-Fantasy-VII-REMAKE-Mini-Figura-Cloud-Strife-Square-Enix-Usado-Muy-Bueno-/377530314212
1616,377482659998,Hazbin Hotel Season 2 Trading Cards 23/60 HUMAN ALASTOR Rare from Japan,US,Collectibles:Non-Sport Trading Cards:Trading Card Singles,4000,Ungraded,1,0,,Active,FixedPriceItem,193.0,1,2026-09-09T02:20:15.000Z,https://www.ebay.com/itm/Hazbin-Hotel-Season-2-Trading-Cards-23-60-HUMAN-ALASTOR-Rare-Japan-/377482659998
1616,377482863133,Hazbin Hotel Season 2 Trading Cards 23/60 HUMAN ALASTOR Rare from Japan,Australia,Collectables:Non-Sport Trading Cards:Trading Card Singles,4000,Ungraded,1,0,,Active,FixedPriceItem,224.86,1,2026-09-09T04:00:24.000Z,https://www.ebay.com/itm/Hazbin-Hotel-Season-2-Trading-Cards-23-60-HUMAN-ALASTOR-Rare-Japan-/377482863133
1616,377482789031,Hazbin Hotel Season 2 Trading Cards 23/60 HUMAN ALASTOR Rare from Japan,Canada,Collectibles:Non-Sport Trading Cards:Trading Card Singles,4000,Ungraded,1,0,,Active,FixedPriceItem,224.25,1,2026-09-09T03:17:47.000Z,https://www.ebay.com/itm/Hazbin-Hotel-Season-2-Trading-Cards-23-60-HUMAN-ALASTOR-Rare-Japan-/377482789031
1616,377482791791,Hazbin Hotel Temporada 2 Tarjetas Coleccionables 23/60 HUMAN ALASTOR Raro...,Spain,Coleccionismo:Cromos:Cromos no deportivos:Cromos sueltos,4000,Sin clasificar,1,0,,Active,FixedPriceItem,139.6,1,2026-09-09T03:19:30.000Z,https://www.ebay.com/itm/Hazbin-Hotel-Temporada-2-Tarjetas-Coleccionables-23-60-HUMAN-ALASTOR-Raro-/377482791791
1616,377482854129,Carte collezionabili Hazbin Hotel stagione 2 23/60 HUMAN ALASTOR rare dal...,Italy,"Collezionismo:Carte collezionabili non sportive, figurine:Carte: singole",4000,Non gradata,1,0,,Active,FixedPriceItem,139.6,1,2026-09-09T03:57:52.000Z,https://www.ebay.com/itm/Carte-collezionabili-Hazbin-Hotel-stagione-2-23-60-HUMAN-ALASTOR-rare-dal-/377482854129
1616,377482854905,Cartes à collectionner Hazbin Hotel Saison 2 23/60 HUMAN ALASTOR Rare du Japon,France,Collections:Cartes de collection:Cartes à collectionner non sportives:Cartes à l'unité,4000,Non gradée,1,0,,Active,FixedPriceItem,139.6,1,2026-09-09T03:58:44.000Z,https://www.ebay.com/itm/Cartes-a-collectionner-Hazbin-Hotel-Saison-2-23-60-HUMAN-ALASTOR-Rare-du-Japon-/377482854905
1616,377482855881,Hazbin Hotel Season 2 Trading Cards 23/60 HUMAN ALASTOR Rare aus Japan,Germany,Sammeln & Seltenes:Trading Cards:Non-Sport Trading Cards:Trading Card Einzelkarten,4000,Nicht bewertet,1,0,,Active,FixedPriceItem,139.6,1,2026-09-09T03:59:22.000Z,https://www.ebay.com/itm/Hazbin-Hotel-Season-2-Trading-Cards-23-60-HUMAN-ALASTOR-Rare-aus-Japan-/377482855881
1616,377482858826,Hazbin Hotel Season 2 Trading Cards 23/60 HUMAN ALASTOR Rare from Japan,UK,Collectables:Non-Sport Trading Cards:Trading Card Singles,4000,Ungraded,1,0,,Active,FixedPriceItem,119.92,1,2026-09-09T04:00:00.000Z,https://www.ebay.com/itm/Hazbin-Hotel-Season-2-Trading-Cards-23-60-HUMAN-ALASTOR-Rare-Japan-/377482858826
1693,377529970922,AVANTI Idol Horse Matikanefukukitaru Plush Racehorse 5S Size w/ Tag Japan,Australia,Collectables:Animation Art & Merchandise:Animation Merchandise:Plush Items,3000,Used,1,0,,Active,FixedPriceItem,709.72,1,2026-09-29T00:13:57.000Z,https://www.ebay.com/itm/AVANTI-Idol-Horse-Matikanefukukitaru-Plush-Racehorse-5S-Size-w-Tag-Japan-/377529970922
1693,377529921232,AVANTI Idol Horse Matikanefukukitaru Plush Racehorse 5S Size w/ Tag Japan,US,Collectibles:Animation Art & Merchandise:Animation Merchandise:Plush Items,3000,Used,1,0,,Active,FixedPriceItem,610.0,1,2026-09-28T23:44:54.000Z,https://www.ebay.com/itm/AVANTI-Idol-Horse-Matikanefukukitaru-Plush-Racehorse-5S-Size-w-Tag-Japan-/377529921232
1693,377529939614,AVANTI Idol Horse Matikanefukukitaru Plush Racehorse 5S Size w/ Tag Japan,Canada,Collectibles:Animation Art & Merchandise:Animation Merchandise:Plush Items,3000,Used,1,0,,Active,FixedPriceItem,707.31,1,2026-09-28T23:58:24.000Z,https://www.ebay.com/itm/AVANTI-Idol-Horse-Matikanefukukitaru-Plush-Racehorse-5S-Size-w-Tag-Japan-/377529939614
1693,377529954843,AVANTI Idol Horse Matikanefukukitaru Plush Racehorse 5S Size w/ Tag Japan,UK,Collectables:Animation Art & Merchandise:Animation Merchandise:Plush Items,3000,Used,1,0,,Active,FixedPriceItem,377.95,1,2026-09-29T00:08:02.000Z,https://www.ebay.com/itm/AVANTI-Idol-Horse-Matikanefukukitaru-Plush-Racehorse-5S-Size-w-Tag-Japan-/377529954843
1693,377529963647,AVANTI Idol Pferd Matikanefukitaru Plüsch Rennpferd 5S Größe mit Etikett...,Germany,Sammeln & Seltenes:Animationskunst & Merchandising:Animations Merchandising:Plüschtiere,3000,Gebraucht,1,0,,Active,FixedPriceItem,440.2,1,2026-09-29T00:11:12.000Z,https://www.ebay.com/itm/AVANTI-Idol-Pferd-Matikanefukitaru-Plusch-Rennpferd-5S-Grose-mit-Etikett-/377529963647
1693,377529964244,Peluche AVANTI Idol Horse Matikanefukukitaru cheval de course taille 5S...,France,Collections:Autres,3000,Occasion,1,0,,Active,FixedPriceItem,440.2,1,2026-09-29T00:11:25.000Z,https://www.ebay.com/itm/Peluche-AVANTI-Idol-Horse-Matikanefukukitaru-cheval-course-taille-5S-/377529964244
1693,377529965026,AVANTI Idol Horse Matikanefukukitaru Peluche Cavallo da corsa taglia 5S con...,Italy,Collezionismo:Personaggi da collezione:Altri personaggi,3000,Usato,1,0,,Active,FixedPriceItem,440.2,1,2026-09-29T00:11:42.000Z,https://www.ebay.com/itm/AVANTI-Idol-Horse-Matikanefukukitaru-Peluche-Cavallo-da-corsa-taglia-5S-con-/377529965026
1693,377530155938,AVANTI Idol Horse Matikanefukukitaru Peluche Caballo de Carreras 5S Tamaño...,Spain,Coleccionismo:Dibujos animados,3000,Usado,1,0,,Active,FixedPriceItem,440.2,1,2026-09-29T01:48:19.000Z,https://www.ebay.com/itm/AVANTI-Idol-Horse-Matikanefukukitaru-Peluche-Caballo-Carreras-5S-Tamano-/377530155938
1710,377480319542,KISS Retro 12 inch Figure Set with Mini Concert T-Shirts Vintage,US,Collectibles:Animation Art & Merchandise:Animation Merchandise:Other Animation Merchandise,3000,Used,1,0,,Active,FixedPriceItem,598.0,1,2026-09-08T03:12:48.000Z,https://www.ebay.com/itm/KISS-Retro-12-inch-Figure-Set-Mini-Concert-T-Shirts-Vintage-/377480319542
1711,377480313613,Bandai Chogokin GD-57B Mechagodzilla 2004 Black Version Tokyo SOS Japan,US,Collectibles:Animation Art & Merchandise:Animation Merchandise:Other Animation Merchandise,3000,Used,1,0,,Active,FixedPriceItem,192.0,1,2026-09-08T03:10:40.000Z,https://www.ebay.com/itm/Bandai-Chogokin-GD-57B-Mechagodzilla-2004-Black-Version-Tokyo-SOS-Japan-/377480313613
1711,377480497765,Bandai Chogokin GD-57B Mechagodzilla 2004 Black Version Tokyo SOS Japan,Australia,Collectables:Animation Art & Merchandise:Animation Merchandise:Other Animation Merchandise,3000,Used,1,0,,Active,FixedPriceItem,223.69,1,2026-09-08T04:55:33.000Z,https://www.ebay.com/itm/Bandai-Chogokin-GD-57B-Mechagodzilla-2004-Black-Version-Tokyo-SOS-Japan-/377480497765
1711,377480454149,Bandai Chogokin GD-57B Mechagodzilla 2004 Black Version Tokyo SOS Japan,Canada,Collectibles:Animation Art & Merchandise:Animation Merchandise:Other Animation Merchandise,3000,Used,1,0,,Active,FixedPriceItem,223.08,1,2026-09-08T04:16:25.000Z,https://www.ebay.com/itm/Bandai-Chogokin-GD-57B-Mechagodzilla-2004-Black-Version-Tokyo-SOS-Japan-/377480454149
1711,377480497995,Bandai Chogokin GD-57B Mechagodzilla 2004 Version Noire Tokyo SOS Japon,France,Collections:Autres,3000,Occasion,1,0,,Active,FixedPriceItem,138.88,1,2026-09-08T04:56:15.000Z,https://www.ebay.com/itm/Bandai-Chogokin-GD-57B-Mechagodzilla-2004-Version-Noire-Tokyo-SOS-Japon-/377480497995
1711,377480498215,Bandai Chogokin GD-57B Mechagodzilla 2004 Black Version Tokyo SOS Japan,Germany,Sammeln & Seltenes:Animationskunst & Merchandising:Animations Merchandising:Sonstige,3000,Gebraucht,1,0,,Active,FixedPriceItem,138.88,1,2026-09-08T04:56:51.000Z,https://www.ebay.com/itm/Bandai-Chogokin-GD-57B-Mechagodzilla-2004-Black-Version-Tokyo-SOS-Japan-/377480498215
1711,377480498753,Bandai Chogokin GD-57B Mechagodzilla 2004 Black Version Tokyo SOS Japan,UK,Collectables:Animation Art & Merchandise:Animation Merchandise:Other Animation Merchandise,3000,Used,1,0,,Active,FixedPriceItem,119.3,1,2026-09-08T04:57:46.000Z,https://www.ebay.com/itm/Bandai-Chogokin-GD-57B-Mechagodzilla-2004-Black-Version-Tokyo-SOS-Japan-/377480498753
1711,377480499494,Bandai Chogokin GD-57B Mechagodzilla 2004 Black Version Tokyo SOS Japan,Italy,Collezionismo:Personaggi da collezione:Altri personaggi,3000,Usato,1,0,,Active,FixedPriceItem,138.88,1,2026-09-08T04:58:10.000Z,https://www.ebay.com/itm/Bandai-Chogokin-GD-57B-Mechagodzilla-2004-Black-Version-Tokyo-SOS-Japan-/377480499494
1711,377480656054,Bandai Chogokin GD-57B Mechagodzilla 2004 Versión Negra Tokio SOS Japón,Spain,Coleccionismo:Dibujos animados,3000,Usado,1,0,,Active,FixedPriceItem,138.88,1,2026-09-08T06:50:27.000Z,https://www.ebay.com/itm/Bandai-Chogokin-GD-57B-Mechagodzilla-2004-Version-Negra-Tokio-SOS-Japon-/377480656054
1712,377480316269,Popy Chogokin Mechagodzilla Vintage Diecast Figure Japan,US,Collectibles:Animation Art & Merchandise:Animation Merchandise:Other Animation Merchandise,3000,Used,1,0,,Active,FixedPriceItem,878.0,1,2026-09-08T03:11:39.000Z,https://www.ebay.com/itm/Popy-Chogokin-Mechagodzilla-Vintage-Diecast-Figure-Japan-/377480316269
1712,377480498324,Popy Chogokin Mechagodzilla Vintage Diecast Figure Japan,Australia,Collectables:Animation Art & Merchandise:Animation Merchandise:Other Animation Merchandise,3000,Used,1,0,,Active,FixedPriceItem,1021.47,1,2026-09-08T04:57:05.000Z,https://www.ebay.com/itm/Popy-Chogokin-Mechagodzilla-Vintage-Diecast-Figure-Japan-/377480498324
1712,377480454350,Popy Chogokin Mechagodzilla Vintage Diecast Figure Japan,Canada,Collectibles:Animation Art & Merchandise:Animation Merchandise:Other Animation Merchandise,3000,Used,1,0,,Active,FixedPriceItem,1018.52,1,2026-09-08T04:16:40.000Z,https://www.ebay.com/itm/Popy-Chogokin-Mechagodzilla-Vintage-Diecast-Figure-Japan-/377480454350
1712,377480498096,Popy Chogokin Mechagodzilla Vintage Diecast Figura Japón,Spain,Coleccionismo:Dibujos animados,3000,Usado,1,0,,Active,FixedPriceItem,634.19,1,2026-09-08T04:56:33.000Z,https://www.ebay.com/itm/Popy-Chogokin-Mechagodzilla-Vintage-Diecast-Figura-Japon-/377480498096
1712,377480498612,Popy Chogokin Mechagodzilla Vintage Diecast Figure Giappone,Italy,Collezionismo:Personaggi da collezione:Altri personaggi,3000,Usato,1,0,,Active,FixedPriceItem,634.19,1,2026-09-08T04:57:29.000Z,https://www.ebay.com/itm/Popy-Chogokin-Mechagodzilla-Vintage-Diecast-Figure-Giappone-/377480498612
1712,377480499804,Popy Chogokin Mechagodzilla Vintage Diecast Figure Japan,France,Collections:Autres,3000,Occasion,1,0,,Active,FixedPriceItem,634.19,1,2026-09-08T04:58:28.000Z,https://www.ebay.com/itm/Popy-Chogokin-Mechagodzilla-Vintage-Diecast-Figure-Japan-/377480499804
1712,377480642176,Popy Chogokin Mechagodzilla Vintage Diecast Figure Japan,UK,Collectables:Animation Art & Merchandise:Animation Merchandise:Other Animation Merchandise,3000,Used,1,0,,Active,FixedPriceItem,544.44,1,2026-09-08T06:42:36.000Z,https://www.ebay.com/itm/Popy-Chogokin-Mechagodzilla-Vintage-Diecast-Figure-Japan-/377480642176
1712,377480656693,Popy Chogokin Mechagodzilla Vintage Diecast Figur Japan,Germany,Sammeln & Seltenes:Animationskunst & Merchandising:Animations Merchandising:Sonstige,3000,Gebraucht,1,0,,Active,FixedPriceItem,634.19,1,2026-09-08T06:50:38.000Z,https://www.ebay.com/itm/Popy-Chogokin-Mechagodzilla-Vintage-Diecast-Figur-Japan-/377480656693
1738,377492019946,SHODO SUPER Denshi Sentai Denziman Bandai Candy Toy Figure,Australia,Collectables:Animation Art & Merchandise:Animation Merchandise:Other Animation Merchandise,3000,Used,1,0,,Active,FixedPriceItem,267.6,1,2026-09-13T05:07:22.000Z,https://www.ebay.com/itm/SHODO-SUPER-Denshi-Sentai-Denziman-Bandai-Candy-Toy-Figure-/377492019946
1738,377491989635,SHODO SUPER Denshi Sentai Denziman Bandai Candy Toy Figure,US,Collectibles:Animation Art & Merchandise:Animation Merchandise:Other Animation Merchandise,3000,Used,1,0,,Active,FixedPriceItem,230.0,1,2026-09-13T04:43:28.000Z,https://www.ebay.com/itm/SHODO-SUPER-Denshi-Sentai-Denziman-Bandai-Candy-Toy-Figure-/377491989635
1738,377492013840,SHODO SUPER Denshi Sentai Denziman Bandai Candy Toy Figure,Canada,Collectibles:Animation Art & Merchandise:Animation Merchandise:Other Animation Merchandise,3000,Used,1,0,,Active,FixedPriceItem,266.69,1,2026-09-13T05:01:19.000Z,https://www.ebay.com/itm/SHODO-SUPER-Denshi-Sentai-Denziman-Bandai-Candy-Toy-Figure-/377492013840
1738,377492019572,SHODO SUPER Denshi Sentai Denziman Bandai Candy Spielfigur,Germany,Sammeln & Seltenes:Animationskunst & Merchandising:Animations Merchandising:Sonstige,3000,Gebraucht,1,0,,Active,FixedPriceItem,165.98,1,2026-09-13T05:06:56.000Z,https://www.ebay.com/itm/SHODO-SUPER-Denshi-Sentai-Denziman-Bandai-Candy-Spielfigur-/377492019572
1738,377492019896,Modellino giocattolo SHODO SUPER Denshi Sentai Denziman Bandai Candy,Italy,Collezionismo:Personaggi da collezione:Altri personaggi,3000,Usato,1,0,,Active,FixedPriceItem,165.98,1,2026-09-13T05:07:14.000Z,https://www.ebay.com/itm/Modellino-giocattolo-SHODO-SUPER-Denshi-Sentai-Denziman-Bandai-Candy-/377492019896
1738,377492021983,SHODO SUPER Denshi Sentai Denziman Bandai Candy Toy Figure,UK,Collectables:Animation Art & Merchandise:Animation Merchandise:Other Animation Merchandise,3000,Used,1,0,,Active,FixedPriceItem,142.51,1,2026-09-13T05:09:52.000Z,https://www.ebay.com/itm/SHODO-SUPER-Denshi-Sentai-Denziman-Bandai-Candy-Toy-Figure-/377492021983
1738,377492022769,SHODO SUPER Denshi Sentai Denziman Bandai Candy Toy Figure,France,Collections:Autres,3000,Occasion,1,0,,Active,FixedPriceItem,165.98,1,2026-09-13T05:10:09.000Z,https://www.ebay.com/itm/SHODO-SUPER-Denshi-Sentai-Denziman-Bandai-Candy-Toy-Figure-/377492022769
1738,377492028881,SHODO SUPER Denshi Sentai Denziman Bandai Candy Toy Figure,Spain,Coleccionismo:Dibujos animados,3000,Usado,1,0,,Active,FixedPriceItem,165.98,1,2026-09-13T05:13:18.000Z,https://www.ebay.com/itm/SHODO-SUPER-Denshi-Sentai-Denziman-Bandai-Candy-Toy-Figure-/377492028881
1740,377492019975,Art Storm Fewture EX Gokin Ultra Hawk No.3 Ultraseven Future Model,Australia,Collectables:Animation Art & Merchandise:Animation Merchandise:Other Animation Merchandise,3000,Used,1,0,,Active,FixedPriceItem,580.57,1,2026-09-13T05:07:27.000Z,https://www.ebay.com/itm/Art-Storm-Fewture-EX-Gokin-Ultra-Hawk-No-3-Ultraseven-Future-Model-/377492019975
1740,377491989646,Art Storm Fewture EX Gokin Ultra Hawk No.3 Ultraseven Future Model,US,Collectibles:Animation Art & Merchandise:Animation Merchandise:Other Animation Merchandise,3000,Used,1,0,,Active,FixedPriceItem,499.0,1,2026-09-13T04:43:28.000Z,https://www.ebay.com/itm/Art-Storm-Fewture-EX-Gokin-Ultra-Hawk-No-3-Ultraseven-Future-Model-/377491989646
1740,377492013872,Art Storm Fewture EX Gokin Ultra Hawk No.3 Ultraseven Future Model,UK,Collectables:Animation Art & Merchandise:Animation Merchandise:Other Animation Merchandise,3000,Used,1,0,,Active,FixedPriceItem,309.17,1,2026-09-13T05:01:21.000Z,https://www.ebay.com/itm/Art-Storm-Fewture-EX-Gokin-Ultra-Hawk-No-3-Ultraseven-Future-Model-/377492013872
1740,377492019586,Art Storm Fewture EX Gokin Ultra Hawk No.3 Ultraseven Future Model,Spain,Coleccionismo:Dibujos animados,3000,Usado,1,0,,Active,FixedPriceItem,360.1,1,2026-09-13T05:06:59.000Z,https://www.ebay.com/itm/Art-Storm-Fewture-EX-Gokin-Ultra-Hawk-No-3-Ultraseven-Future-Model-/377492019586
1740,377492019915,Art Storm Fewture EX Gokin Ultra Hawk No.3 Ultraseven Future Model,Italy,Collezionismo:Personaggi da collezione:Altri personaggi,3000,Usato,1,0,,Active,FixedPriceItem,360.1,1,2026-09-13T05:07:17.000Z,https://www.ebay.com/itm/Art-Storm-Fewture-EX-Gokin-Ultra-Hawk-No-3-Ultraseven-Future-Model-/377492019915
1740,377492022810,Art Storm Fewture EX Gokin Ultra Hawk No.3 Ultraseven Future Model,Germany,Sammeln & Seltenes:Animationskunst & Merchandising:Animations Merchandising:Sonstige,3000,Gebraucht,1,0,,Active,FixedPriceItem,360.1,1,2026-09-13T05:10:11.000Z,https://www.ebay.com/itm/Art-Storm-Fewture-EX-Gokin-Ultra-Hawk-No-3-Ultraseven-Future-Model-/377492022810
1740,377492023063,Art Storm Fewture EX Gokin Ultra Hawk No.3 Ultraseven Future Model,Canada,Collectibles:Animation Art & Merchandise:Animation Merchandise:Other Animation Merchandise,3000,Used,1,0,,Active,FixedPriceItem,578.61,1,2026-09-13T05:10:18.000Z,https://www.ebay.com/itm/Art-Storm-Fewture-EX-Gokin-Ultra-Hawk-No-3-Ultraseven-Future-Model-/377492023063
1740,377492029342,Art Storm Fewture EX Gokin Ultra Hawk No.3 Ultraseven Future Model,France,Collections:Autres,3000,Occasion,1,0,,Active,FixedPriceItem,360.1,1,2026-09-13T05:14:07.000Z,https://www.ebay.com/itm/Art-Storm-Fewture-EX-Gokin-Ultra-Hawk-No-3-Ultraseven-Future-Model-/377492029342
1752,377496195918,VOLKS Dollfie Dream DD DDS Snow Miku Tancho Miko Costume Set Hatsune Miku,US,"Dolls & Bears:Dolls, Clothing & Accessories:Dolls & Doll Playsets",3000,Used,1,0,,Active,FixedPriceItem,580.0,1,2026-09-15T03:31:37.000Z,https://www.ebay.com/itm/VOLKS-Dollfie-Dream-DD-DDS-Snow-Miku-Tancho-Miko-Costume-Set-Hatsune-Miku-/377496195918
1752,377496279703,VOLKS Dollfie Dream DD DDS Snow Miku Tancho Miko Costume Set Hatsune Miku,Canada,"Dolls & Bears:Dolls, Clothing & Accessories:Dolls & Doll Playsets",3000,Used,1,0,,Active,FixedPriceItem,672.53,1,2026-09-15T04:25:55.000Z,https://www.ebay.com/itm/VOLKS-Dollfie-Dream-DD-DDS-Snow-Miku-Tancho-Miko-Costume-Set-Hatsune-Miku-/377496279703
1752,377496423070,VOLKS Dollfie Dream DD DDS Snow Miku Tancho Miko Costume Set Hatsune Miku,Australia,"Dolls & Bears:Dolls, Clothing & Accessories:Dolls & Doll Playsets",3000,Used,1,0,,Active,FixedPriceItem,674.82,1,2026-09-15T05:58:58.000Z,https://www.ebay.com/itm/VOLKS-Dollfie-Dream-DD-DDS-Snow-Miku-Tancho-Miko-Costume-Set-Hatsune-Miku-/377496423070
1752,377496348130,VOLKS Dollfie Dream DD DDS Snow Miku Tancho Miko Costume Set Hatsune Miku,France,"Jouets et jeux:Poupées, vêtements, access.:Autres",3000,Occasion,1,0,,Active,FixedPriceItem,418.56,1,2026-09-15T05:02:39.000Z,https://www.ebay.com/itm/VOLKS-Dollfie-Dream-DD-DDS-Snow-Miku-Tancho-Miko-Costume-Set-Hatsune-Miku-/377496348130
1752,377496446573,VOLKS Dollfie Dream DD DDS Snow Miku Tancho Miko Costume Set Hatsune Miku,UK,"Dolls & Bears:Dolls, Clothing & Accessories:Dolls & Doll Playsets",3000,Used,1,0,,Active,FixedPriceItem,359.36,1,2026-09-15T06:12:52.000Z,https://www.ebay.com/itm/VOLKS-Dollfie-Dream-DD-DDS-Snow-Miku-Tancho-Miko-Costume-Set-Hatsune-Miku-/377496446573
1752,377496450144,Set costume VOLKS Dollfie Dream DDS Snow Miku Tancho Miko Hatsune Miku,Italy,Giocattoli e modellismo:Bambole e accessori:Altro bambole e accessori,3000,Usato,1,0,,Active,FixedPriceItem,418.56,1,2026-09-15T06:14:50.000Z,https://www.ebay.com/itm/Set-costume-VOLKS-Dollfie-Dream-DDS-Snow-Miku-Tancho-Miko-Hatsune-Miku-/377496450144
1752,377496452482,VOLKS Dollfie Dream DD DDS Snow Miku Tancho Miko Disfraz Set Hatsune Miku,Spain,Juguetes:Muñecas y accesorios:Otros,3000,Usado,1,0,,Active,FixedPriceItem,418.56,1,2026-09-15T06:15:22.000Z,https://www.ebay.com/itm/VOLKS-Dollfie-Dream-DD-DDS-Snow-Miku-Tancho-Miko-Disfraz-Set-Hatsune-Miku-/377496452482
1752,377496513763,VOLKS Dollfie Dream DD DDS Snow Miku Tancho Miko Kostüm Set Hatsune Miku,Germany,Spielzeug:Puppen & Zubehör:Puppen & -Spielsets,3000,Gebraucht,1,0,,Active,FixedPriceItem,418.56,1,2026-09-15T06:55:25.000Z,https://www.ebay.com/itm/VOLKS-Dollfie-Dream-DD-DDS-Snow-Miku-Tancho-Miko-Kostum-Set-Hatsune-Miku-/377496513763
1770,377504794775,Uma Musume Taiki Shuttle AVANTI Idol Horse Plush Sprinters Stakes Ver S,US,Collectibles:Animation Art & Merchandise:Animation Merchandise:Plush Items,3000,Used,1,0,,Active,FixedPriceItem,1050.0,1,2026-09-18T03:16:16.000Z,https://www.ebay.com/itm/Uma-Musume-Taiki-Shuttle-AVANTI-Idol-Horse-Plush-Sprinters-Stakes-Ver-S-/377504794775
1770,377504962242,Uma Musume Taiki Shuttle AVANTI Idol Horse Plush Sprinters Stakes Ver S,Australia,Collectables:Animation Art & Merchandise:Animation Merchandise:Other Animation Merchandise,3000,Used,1,0,,Active,FixedPriceItem,1221.66,1,2026-09-18T04:40:52.000Z,https://www.ebay.com/itm/Uma-Musume-Taiki-Shuttle-AVANTI-Idol-Horse-Plush-Sprinters-Stakes-Ver-S-/377504962242
1770,377504893443,Uma Musume Taiki Shuttle AVANTI Idol Horse Plush Sprinters Stakes Ver S,Canada,Collectibles:Animation Art & Merchandise:Animation Merchandise:Plush Items,3000,Used,1,0,,Active,FixedPriceItem,1217.51,1,2026-09-18T03:59:38.000Z,https://www.ebay.com/itm/Uma-Musume-Taiki-Shuttle-AVANTI-Idol-Horse-Plush-Sprinters-Stakes-Ver-S-/377504893443
1770,377504954638,Uma Musume Taiki Shuttle AVANTI Idol Horse Plush Sprinters Stakes Ver S,UK,Collectables:Animation Art & Merchandise:Animation Merchandise:Plush Items,3000,Used,1,0,,Active,FixedPriceItem,650.56,1,2026-09-18T04:32:05.000Z,https://www.ebay.com/itm/Uma-Musume-Taiki-Shuttle-AVANTI-Idol-Horse-Plush-Sprinters-Stakes-Ver-S-/377504954638
1770,377504961066,Uma Musume Taiki Shuttle AVANTI Idol Horse Peluche Sprinters Estacas Ver S,Spain,Coleccionismo:Dibujos animados,3000,Usado,1,0,,Active,FixedPriceItem,757.73,1,2026-09-18T04:39:58.000Z,https://www.ebay.com/itm/Uma-Musume-Taiki-Shuttle-AVANTI-Idol-Horse-Peluche-Sprinters-Estacas-Ver-S-/377504961066
1770,377504961703,Peluche Uma Musume Taiki Shuttle AVANTI Idol Horse Sprinters Stakes Ver S,France,Collections:Autres,3000,Occasion,1,0,,Active,FixedPriceItem,757.73,1,2026-09-18T04:40:28.000Z,https://www.ebay.com/itm/Peluche-Uma-Musume-Taiki-Shuttle-AVANTI-Idol-Horse-Sprinters-Stakes-Ver-S-/377504961703
1770,377505212764,Uma Musume Taiki Shuttle AVANTI Idol Horse Plush Sprinters Stakes Ver S,Italy,Collezionismo:Personaggi da collezione:Altri personaggi,3000,Usato,1,0,,Active,FixedPriceItem,757.73,1,2026-09-18T07:09:17.000Z,https://www.ebay.com/itm/Uma-Musume-Taiki-Shuttle-AVANTI-Idol-Horse-Plush-Sprinters-Stakes-Ver-S-/377505212764
1770,377505369491,Uma Musume Taiki Shuttle AVANTI Idol Pferd Plüsch Sprinter Einsätze Ver S,Germany,Sammeln & Seltenes:Animationskunst & Merchandising:Animations Merchandising:Sonstige,3000,Gebraucht,1,0,,Active,FixedPriceItem,757.73,1,2026-09-18T08:26:27.000Z,https://www.ebay.com/itm/Uma-Musume-Taiki-Shuttle-AVANTI-Idol-Pferd-Plusch-Sprinter-Einsatze-Ver-S-/377505369491
1776,377511839376,Bandai Ikimono Daizukan Ultimate Ryujin Centipede Figure,US,Collectibles:Animation Art & Merchandise:Animation Merchandise:Other Animation Merchandise,3000,Used,1,0,,Active,FixedPriceItem,509.0,1,2026-09-21T03:17:58.000Z,https://www.ebay.com/itm/Bandai-Ikimono-Daizukan-Ultimate-Ryujin-Centipede-Figure-/377511839376
1776,377511914866,Bandai Ikimono Daizukan Ultimate Ryujin Centipede Figure,Canada,Collectibles:Animation Art & Merchandise:Animation Merchandise:Other Animation Merchandise,3000,Used,1,0,,Active,FixedPriceItem,590.2,1,2026-09-21T03:51:30.000Z,https://www.ebay.com/itm/Bandai-Ikimono-Daizukan-Ultimate-Ryujin-Centipede-Figure-/377511914866
1776,377511916432,Figura de ciempiés Bandai Ikimono Daizukan Ultimate Ryujin,Spain,Coleccionismo:Dibujos animados,3000,Usado,1,0,,Active,FixedPriceItem,367.32,1,2026-09-21T03:51:46.000Z,https://www.ebay.com/itm/Figura-ciempies-Bandai-Ikimono-Daizukan-Ultimate-Ryujin-/377511916432
1776,377512125725,Bandai Ikimono Daizukan Ultimate Ryujin Centipede Figure,Australia,Collectables:Animation Art & Merchandise:Animation Merchandise:Other Animation Merchandise,3000,Used,1,0,,Active,FixedPriceItem,592.22,1,2026-09-21T06:33:49.000Z,https://www.ebay.com/itm/Bandai-Ikimono-Daizukan-Ultimate-Ryujin-Centipede-Figure-/377512125725
1776,377512101334,Bandai Ikimono Daizukan Ultimate Ryujin Centipede Figure,UK,Collectables:Animation Art & Merchandise:Animation Merchandise:Other Animation Merchandise,3000,Used,1,0,,Active,FixedPriceItem,315.37,1,2026-09-21T06:19:43.000Z,https://www.ebay.com/itm/Bandai-Ikimono-Daizukan-Ultimate-Ryujin-Centipede-Figure-/377512101334
1776,377512103477,Figura Bandai Ikimono Daizukan Ultimate Ryujin Centipede,Italy,Collezionismo:Personaggi da collezione:Altri personaggi,3000,Usato,1,0,,Active,FixedPriceItem,367.32,1,2026-09-21T06:21:57.000Z,https://www.ebay.com/itm/Figura-Bandai-Ikimono-Daizukan-Ultimate-Ryujin-Centipede-/377512103477
1776,377512105502,Bandai Ikimono Daizukan Ultimate Ryujin Centipede Figure,France,Collections:Autres,3000,Occasion,1,0,,Active,FixedPriceItem,367.32,1,2026-09-21T06:23:42.000Z,https://www.ebay.com/itm/Bandai-Ikimono-Daizukan-Ultimate-Ryujin-Centipede-Figure-/377512105502
1776,377512125225,Bandai Ikimono Daizukan Ultimate Ryujin Centipede Figur,Germany,Sammeln & Seltenes:Animationskunst & Merchandising:Animations Merchandising:Sonstige,3000,Gebraucht,1,0,,Active,FixedPriceItem,367.32,1,2026-09-21T06:33:13.000Z,https://www.ebay.com/itm/Bandai-Ikimono-Daizukan-Ultimate-Ryujin-Centipede-Figur-/377512125225
1784,377511842141,X-Plus DefoReal Mothra Larva 1961 Figure,US,Collectibles:Animation Art & Merchandise:Animation Merchandise:Other Animation Merchandise,3000,Used,1,0,,Active,FixedPriceItem,299.0,1,2026-09-21T03:19:39.000Z,https://www.ebay.com/itm/X-Plus-DefoReal-Mothra-Larva-1961-Figure-/377511842141
1784,377511918284,X-Plus DefoReal Mothra Larva 1961 Figure,Canada,Collectibles:Animation Art & Merchandise:Animation Merchandise:Other Animation Merchandise,3000,Used,1,0,,Active,FixedPriceItem,346.7,1,2026-09-21T03:52:19.000Z,https://www.ebay.com/itm/X-Plus-DefoReal-Mothra-Larva-1961-Figure-/377511918284
1784,377512149635,X-Plus DefoReal Mothra Larva 1961 Figure,Australia,Collectables:Animation Art & Merchandise:Animation Merchandise:Other Animation Merchandise,3000,Used,1,0,,Active,FixedPriceItem,347.88,1,2026-09-21T06:58:10.000Z,https://www.ebay.com/itm/X-Plus-DefoReal-Mothra-Larva-1961-Figure-/377512149635
1784,377512125720,Figura X-Plus DefoReal Mothra Larva 1961,Spain,Coleccionismo:Dibujos animados,3000,Usado,1,0,,Active,FixedPriceItem,215.77,1,2026-09-21T06:33:49.000Z,https://www.ebay.com/itm/Figura-X-Plus-DefoReal-Mothra-Larva-1961-/377512125720
1784,377512132168,X-Plus DefoReal Mothra Larva 1961 Figure,UK,Collectables:Animation Art & Merchandise:Animation Merchandise:Other Animation Merchandise,3000,Used,1,0,,Active,FixedPriceItem,185.25,1,2026-09-21T06:42:59.000Z,https://www.ebay.com/itm/X-Plus-DefoReal-Mothra-Larva-1961-Figure-/377512132168
1784,377512133353,X-Plus DefoReal Mothra Larva 1961 Figure,France,Collections:Autres,3000,Occasion,1,0,,Active,FixedPriceItem,215.77,1,2026-09-21T06:44:42.000Z,https://www.ebay.com/itm/X-Plus-DefoReal-Mothra-Larva-1961-Figure-/377512133353
1784,377512161468,X-Plus DefoReal Mothra Larva 1961 Figur,Germany,Sammeln & Seltenes:Animationskunst & Merchandising:Animations Merchandising:Sonstige,3000,Gebraucht,1,0,,Active,FixedPriceItem,215.77,1,2026-09-21T07:07:50.000Z,https://www.ebay.com/itm/X-Plus-DefoReal-Mothra-Larva-1961-Figur-/377512161468
1784,377512518102,Figurina X-Plus DefoReal Mothra Larva 1961,Italy,Collezionismo:Personaggi da collezione:Altri personaggi,3000,Usato,1,0,,Active,FixedPriceItem,215.77,1,2026-09-21T10:20:39.000Z,https://www.ebay.com/itm/Figurina-X-Plus-DefoReal-Mothra-Larva-1961-/377512518102
1846,377469989949,TOMIX 92962 N Gauge Sayonara Fuji Hayabusa Sleeper Express 14 Series Set Japan,US,Toys & Hobbies:Model Railroads & Trains:Railroads & Trains:Other Railroads & Trains,3000,Used,1,0,,Active,FixedPriceItem,590.0,1,2026-09-04T09:13:39.000Z,https://www.ebay.com/itm/TOMIX-92962-N-Gauge-Sayonara-Fuji-Hayabusa-Sleeper-Express-14-Series-Set-Japan-/377469989949
1846,377470108079,TOMIX 92962 N Gauge Sayonara Fuji Hayabusa Sleeper Express 14 Series Set Japan,Canada,Toys & Hobbies:Model Railroads & Trains:Railroads & Trains:Other Railroads & Trains,3000,Used,1,0,,Active,FixedPriceItem,685.66,1,2026-09-04T10:18:59.000Z,https://www.ebay.com/itm/TOMIX-92962-N-Gauge-Sayonara-Fuji-Hayabusa-Sleeper-Express-14-Series-Set-Japan-/377470108079
1846,377470279806,TOMIX 92962 N Gauge Sayonara Fuji Hayabusa Sleeper Express 14 Series Set Japón,Spain,Juguetes:Modelismo ferroviario:Otras escalas:Otros,3000,Usado,1,0,,Active,FixedPriceItem,427.26,1,2026-09-04T11:53:15.000Z,https://www.ebay.com/itm/TOMIX-92962-N-Gauge-Sayonara-Fuji-Hayabusa-Sleeper-Express-14-Series-Set-Japon-/377470279806
1846,377470280320,TOMIX 92962 N Gauge Sayonara Fuji Hayabusa Sleeper Express 14 Series Set...,Italy,Giocattoli e modellismo:Modellismo ferroviario:Altre scale:Altro per altre scale,3000,Usato,1,0,,Active,FixedPriceItem,427.26,1,2026-09-04T11:53:35.000Z,https://www.ebay.com/itm/TOMIX-92962-N-Gauge-Sayonara-Fuji-Hayabusa-Sleeper-Express-14-Series-Set-/377470280320
1846,377470281038,TOMIX 92962 Spur N Sayonara Fuji Hayabusa Sleeper Express 14 Serie Set Japan,Germany,Modellbau:Modelleisenbahn:Modelleisenbahnen & Züge:Sonstige,3000,Gebraucht,1,0,,Active,FixedPriceItem,427.26,1,2026-09-04T11:54:13.000Z,https://www.ebay.com/itm/TOMIX-92962-Spur-N-Sayonara-Fuji-Hayabusa-Sleeper-Express-14-Serie-Set-Japan-/377470281038
1846,377470281767,TOMIX 92962 N Gauge Sayonara Fuji Hayabusa Sleeper Express 14 Series Set Japan,UK,Collectables:Model Railways & Trains:Railways & Trains:Other Railways & Trains,3000,Used,1,0,,Active,FixedPriceItem,367.34,1,2026-09-04T11:55:07.000Z,https://www.ebay.com/itm/TOMIX-92962-N-Gauge-Sayonara-Fuji-Hayabusa-Sleeper-Express-14-Series-Set-Japan-/377470281767
1846,377470283917,TOMIX 92962 N Gauge Sayonara Fuji Hayabusa Sleeper Express 14 Series Set Japan,France,Jouets et jeux:Modélisme ferroviaire:Échelles rares:Autres,3000,Occasion,1,0,,Active,FixedPriceItem,427.26,1,2026-09-04T11:56:58.000Z,https://www.ebay.com/itm/TOMIX-92962-N-Gauge-Sayonara-Fuji-Hayabusa-Sleeper-Express-14-Series-Set-Japan-/377470283917
1846,377471063197,TOMIX 92962 N Gauge Sayonara Fuji Hayabusa Sleeper Express 14 Series Set Japan,Australia,Toys & Hobbies:Model Railways & Trains:Railways & Trains:Other Railways & Trains,3000,Used,1,0,,Active,FixedPriceItem,691.91,1,2026-09-04T18:48:52.000Z,https://www.ebay.com/itm/TOMIX-92962-N-Gauge-Sayonara-Fuji-Hayabusa-Sleeper-Express-14-Series-Set-Japan-/377471063197
1849,377469989205,Arthur Rubinstein The Chopin Collection Complete Classical Piano CD Box Japan,US,Music:CDs,4000,Very Good,1,0,,Active,FixedPriceItem,200.0,1,2026-09-04T09:13:10.000Z,https://www.ebay.com/itm/Arthur-Rubinstein-Chopin-Collection-Complete-Classical-Piano-CD-Box-Japan-/377469989205
1849,377470108000,Arthur Rubinstein The Chopin Collection Complete Classical Piano CD Box Japan,Canada,Music:CDs,4000,Very Good,1,0,,Active,FixedPriceItem,232.43,1,2026-09-04T10:18:55.000Z,https://www.ebay.com/itm/Arthur-Rubinstein-Chopin-Collection-Complete-Classical-Piano-CD-Box-Japan-/377470108000
1849,377470280724,Arthur Rubinstein The Chopin Collection Complete Classical Piano CD Box Japón,Spain,"Música, CDs y vinilos:CDs",4000,En muy buen estado,1,0,,Active,FixedPriceItem,144.83,1,2026-09-04T11:53:55.000Z,https://www.ebay.com/itm/Arthur-Rubinstein-Chopin-Collection-Complete-Classical-Piano-CD-Box-Japon-/377470280724
1849,377470282509,Arthur Rubinstein The Chopin Collection Complete Classical Piano CD Box Japan,France,"Musique, CD, vinyles:CD",4000,Très bon état,1,0,,Active,FixedPriceItem,144.83,1,2026-09-04T11:55:53.000Z,https://www.ebay.com/itm/Arthur-Rubinstein-Chopin-Collection-Complete-Classical-Piano-CD-Box-Japan-/377470282509
1849,377470282610,Arthur Rubinstein The Chopin Collection Complete Classical Piano CD Box Japan,UK,Music:CDs,4000,Very Good,1,0,,Active,FixedPriceItem,124.52,1,2026-09-04T11:56:02.000Z,https://www.ebay.com/itm/Arthur-Rubinstein-Chopin-Collection-Complete-Classical-Piano-CD-Box-Japan-/377470282610
1849,377470283595,Arthur Rubinstein The Chopin Collection Scatola CD Pianoforte Classico...,Italy,"Musica, CD e vinili:CD",4000,Ottime condizioni,1,0,,Active,FixedPriceItem,144.83,1,2026-09-04T11:56:42.000Z,https://www.ebay.com/itm/Arthur-Rubinstein-Chopin-Collection-Scatola-CD-Pianoforte-Classico-/377470283595
1849,377471046682,Arthur Rubinstein The Chopin Collection Complete Classical Piano CD Box Japan,Germany,Musik:CDs,4000,Sehr gut,1,0,,Active,FixedPriceItem,144.83,1,2026-09-04T18:32:17.000Z,https://www.ebay.com/itm/Arthur-Rubinstein-Chopin-Collection-Complete-Classical-Piano-CD-Box-Japan-/377471046682
1849,377471226588,Arthur Rubinstein The Chopin Collection Complete Classical Piano CD Box Japan,Australia,Music:CDs,4000,Very good,1,0,,Active,FixedPriceItem,234.54,1,2026-09-04T20:30:24.000Z,https://www.ebay.com/itm/Arthur-Rubinstein-Chopin-Collection-Complete-Classical-Piano-CD-Box-Japan-/377471226588
1851,377469989210,Herbert von Karajan 1970s Deutsche Grammophon Classical CD Box Set Japan Import,US,Music:CDs,4000,Very Good,1,0,,Active,FixedPriceItem,380.0,1,2026-09-04T09:13:10.000Z,https://www.ebay.com/itm/Herbert-von-Karajan-1970s-Deutsche-Grammophon-Classical-CD-Box-Set-Japan-Import-/377469989210
1851,377470108012,Herbert von Karajan 1970s Deutsche Grammophon Classical CD Box Set Japan Import,Canada,Music:CDs,4000,Very Good,1,0,,Active,FixedPriceItem,441.61,1,2026-09-04T10:18:55.000Z,https://www.ebay.com/itm/Herbert-von-Karajan-1970s-Deutsche-Grammophon-Classical-CD-Box-Set-Japan-Import-/377470108012
1851,377470281829,Herbert von Karajan 1970s Deutsche Grammophon Classical CD Box Set Japan Import,Australia,Music:CDs,4000,Very good,1,0,,Active,FixedPriceItem,445.64,1,2026-09-04T11:55:11.000Z,https://www.ebay.com/itm/Herbert-von-Karajan-1970s-Deutsche-Grammophon-Classical-CD-Box-Set-Japan-Import-/377470281829
1851,377470279862,Herbert von Karajan 1970s Deutsche Grammophon Classical CD Box Set Japan Import,UK,Music:CDs,4000,Very Good,1,0,,Active,FixedPriceItem,236.59,1,2026-09-04T11:53:20.000Z,https://www.ebay.com/itm/Herbert-von-Karajan-1970s-Deutsche-Grammophon-Classical-CD-Box-Set-Japan-Import-/377470279862
1851,377470280725,Herbert von Karajan 1970s Deutsche Grammophon Classical CD Box Set Japón Import,Spain,"Música, CDs y vinilos:CDs",4000,En muy buen estado,1,0,,Active,FixedPriceItem,275.18,1,2026-09-04T11:53:55.000Z,https://www.ebay.com/itm/Herbert-von-Karajan-1970s-Deutsche-Grammophon-Classical-CD-Box-Set-Japon-Import-/377470280725
1851,377470281377,Herbert von Karajan 1970er Deutsche Grammophon Klassik CD Box Set Japan Import,Germany,Musik:CDs,4000,Sehr gut,1,0,,Active,FixedPriceItem,275.18,1,2026-09-04T11:54:39.000Z,https://www.ebay.com/itm/Herbert-von-Karajan-1970er-Deutsche-Grammophon-Klassik-CD-Box-Set-Japan-Import-/377470281377
1851,377471086657,Herbert von Karajan 1970s Deutsche Grammophon Classical CD Box Set Japan Import,Italy,"Musica, CD e vinili:CD",4000,Ottime condizioni,1,0,,Active,FixedPriceItem,275.18,1,2026-09-04T19:02:01.000Z,https://www.ebay.com/itm/Herbert-von-Karajan-1970s-Deutsche-Grammophon-Classical-CD-Box-Set-Japan-Import-/377471086657
1851,377471185398,Coffret CD classique Herbert von Karajan 1970s Deutsche Grammophon import Japon,France,"Musique, CD, vinyles:CD",4000,Très bon état,1,0,,Active,FixedPriceItem,275.18,1,2026-09-04T19:59:52.000Z,https://www.ebay.com/itm/Coffret-CD-classique-Herbert-von-Karajan-1970s-Deutsche-Grammophon-import-Japon-/377471185398
331,377485511168,The Rising of the Shield Hero Raphtalia Hot Spring ver 1/7 Scale Figure Opened,US,Collectibles:Animation Art & Merchandise:Animation Merchandise:Other Animation Merchandise,3000,Used,1,0,,Active,FixedPriceItem,264.0,1,2026-09-10T04:49:27.000Z,https://www.ebay.com/itm/Rising-Shield-Hero-Raphtalia-Hot-Spring-ver-1-7-Scale-Figure-Opened-/377485511168
331,377485703036,The Rising of the Shield Hero Raphtalia Hot Spring ver 1/7 Scale Figure Opened,Australia,Collectables:Animation Art & Merchandise:Animation Merchandise:Figures & Statues,3000,Used,1,0,,Active,FixedPriceItem,311.86,1,2026-09-10T06:57:21.000Z,https://www.ebay.com/itm/Rising-Shield-Hero-Raphtalia-Hot-Spring-ver-1-7-Scale-Figure-Opened-/377485703036
331,377485674682,The Rising of the Shield Hero Raphtalia Hot Spring ver 1/7 Scale Figure Opened,Canada,Collectibles:Animation Art & Merchandise:Animation Merchandise:Figures & Statues,3000,Used,1,0,,Active,FixedPriceItem,310.26,1,2026-09-10T06:36:13.000Z,https://www.ebay.com/itm/Rising-Shield-Hero-Raphtalia-Hot-Spring-ver-1-7-Scale-Figure-Opened-/377485674682
331,377485728281,Figura abierta The Rising of the Shield Hero Raphtalia Hot Spring ver escala 1/7,Spain,Coleccionismo:Dibujos animados,3000,Usado,1,0,,Active,FixedPriceItem,193.24,1,2026-09-10T07:13:56.000Z,https://www.ebay.com/itm/Figura-abierta-Rising-Shield-Hero-Raphtalia-Hot-Spring-ver-escala-1-7-/377485728281
331,377485728537,The Rising of the Shield Hero Raphtalia Hot Spring ver figura in scala 1/7 ap...,Italy,Collezionismo:Personaggi da collezione:Altri personaggi,3000,Usato,1,0,,Active,FixedPriceItem,193.24,1,2026-09-10T07:14:17.000Z,https://www.ebay.com/itm/Rising-Shield-Hero-Raphtalia-Hot-Spring-ver-figura-scala-1-7-ap-/377485728537
331,377485728979,The Rising of the Shield Hero Raphtalia Hot Spring ver 1/7 Scale Figur geöffnet,Germany,Sammeln & Seltenes:Animationskunst & Merchandising:Animations Merchandising:Sonstige,3000,Gebraucht,1,0,,Active,FixedPriceItem,193.24,1,2026-09-10T07:14:52.000Z,https://www.ebay.com/itm/Rising-Shield-Hero-Raphtalia-Hot-Spring-ver-1-7-Scale-Figur-geoffnet-/377485728979
331,377486075876,The Rising of the Shield Hero Raphtalia Hot Spring ver 1/7 Scale Figure Opened,UK,Collectables:Animation Art & Merchandise:Animation Merchandise:Other Animation Merchandise,3000,Used,1,0,,Active,FixedPriceItem,166.0,1,2026-09-10T09:55:16.000Z,https://www.ebay.com/itm/Rising-Shield-Hero-Raphtalia-Hot-Spring-ver-1-7-Scale-Figure-Opened-/377486075876
331,377486076369,Figurine The Rising of the Shield Hero Raphtalia Hot Spring ver 1/7 Scale Opened,France,Collections:Autres,3000,Occasion,1,0,,Active,FixedPriceItem,193.24,1,2026-09-10T09:55:44.000Z,https://www.ebay.com/itm/Figurine-Rising-Shield-Hero-Raphtalia-Hot-Spring-ver-1-7-Scale-Opened-/377486076369
334,377532450031,Kingdom Hearts 20th Anniversary Plate Collection Complete BOX Set of 8 Used,Australia,Collectables:Animation Art & Merchandise:Animation Merchandise:Other Animation Merchandise,3000,Used,1,0,,Active,FixedPriceItem,221.06,1,2026-09-30T00:25:41.000Z,https://www.ebay.com/itm/Kingdom-Hearts-20th-Anniversary-Plate-Collection-Complete-BOX-Set-8-Used-/377532450031
334,377532449512,Kingdom Hearts 20th Anniversary Plate Collection Complete BOX Set of 8 Used,US,Collectibles:Animation Art & Merchandise:Animation Merchandise:Other Animation Merchandise,3000,Used,1,0,,Active,FixedPriceItem,190.0,1,2026-09-30T00:25:07.000Z,https://www.ebay.com/itm/Kingdom-Hearts-20th-Anniversary-Plate-Collection-Complete-BOX-Set-8-Used-/377532449512
334,377532450866,Kingdom Hearts 20th Anniversary Plate Collection Complete BOX Set of 8 Used,Canada,Collectibles:Animation Art & Merchandise:Animation Merchandise:Other Animation Merchandise,3000,Used,1,0,,Active,FixedPriceItem,220.32,1,2026-09-30T00:26:18.000Z,https://www.ebay.com/itm/Kingdom-Hearts-20th-Anniversary-Plate-Collection-Complete-BOX-Set-8-Used-/377532450866
334,377532456527,Kingdom Hearts 20th Anniversary Plate Collection set completo di 8 pezzi usati,Italy,Collezionismo:Personaggi da collezione:Altri personaggi,3000,Usato,1,0,,Active,FixedPriceItem,137.11,1,2026-09-30T00:28:30.000Z,https://www.ebay.com/itm/Kingdom-Hearts-20th-Anniversary-Plate-Collection-set-completo-di-8-pezzi-usati-/377532456527
334,377532457771,Kingdom Hearts 20th Anniversary Plate Collection Caja Completa Set de 8 Usado,Spain,Coleccionismo:Dibujos animados,3000,Usado,1,0,,Active,FixedPriceItem,137.11,1,2026-09-30T00:28:56.000Z,https://www.ebay.com/itm/Kingdom-Hearts-20th-Anniversary-Plate-Collection-Caja-Completa-Set-8-Usado-/377532457771
334,377532458518,Kingdom Hearts 20th Anniversary Plate Collection Complete BOX Set of 8 Used,Germany,Sammeln & Seltenes:Animationskunst & Merchandising:Animations Merchandising:Sonstige,3000,Gebraucht,1,0,,Active,FixedPriceItem,137.11,1,2026-09-30T00:29:12.000Z,https://www.ebay.com/itm/Kingdom-Hearts-20th-Anniversary-Plate-Collection-Complete-BOX-Set-8-Used-/377532458518
334,377532459214,Kingdom Hearts 20th Anniversary Plate Collection Complete BOX Set of 8 Used,UK,Collectables:Animation Art & Merchandise:Animation Merchandise:Other Animation Merchandise,3000,Used,1,0,,Active,FixedPriceItem,117.72,1,2026-09-30T00:29:33.000Z,https://www.ebay.com/itm/Kingdom-Hearts-20th-Anniversary-Plate-Collection-Complete-BOX-Set-8-Used-/377532459214
334,377532473614,Kingdom Hearts 20th Anniversary Plate Collection complète BOITE lot de 8...,France,Collections:Autres,3000,Occasion,1,0,,Active,FixedPriceItem,137.11,1,2026-09-30T00:35:27.000Z,https://www.ebay.com/itm/Kingdom-Hearts-20th-Anniversary-Plate-Collection-complete-BOITE-lot-8-/377532473614
343,377504794778,Toho 30cm Series Yuji Sakai Godzilla 1995 Hong Kong Landing Clear Orange Used,US,"Toys & Hobbies:Robots, Monsters & Space Toys:Monsters:Godzilla",3000,Used,1,0,,Active,FixedPriceItem,399.0,1,2026-09-18T03:16:16.000Z,https://www.ebay.com/itm/Toho-30cm-Series-Yuji-Sakai-Godzilla-1995-Hong-Kong-Landing-Clear-Orange-Used-/377504794778
343,377504967817,Toho 30cm Series Yuji Sakai Godzilla 1995 Hong Kong Landing Clear Orange Used,Australia,"Toys & Hobbies:Robots, Space Toys:Space Toys",3000,Used,1,0,,Active,FixedPriceItem,464.23,1,2026-09-18T04:47:42.000Z,https://www.ebay.com/itm/Toho-30cm-Series-Yuji-Sakai-Godzilla-1995-Hong-Kong-Landing-Clear-Orange-Used-/377504967817
343,377504957775,Toho 30cm Series Yuji Sakai Godzilla 1995 Hong Kong Landing Clear Orange Used,UK,Toys & Games:Action Figures & Accessories:Action Figures,3000,Used,1,0,,Active,FixedPriceItem,247.21,1,2026-09-18T04:37:33.000Z,https://www.ebay.com/itm/Toho-30cm-Series-Yuji-Sakai-Godzilla-1995-Hong-Kong-Landing-Clear-Orange-Used-/377504957775
343,377504967312,Série Toho 30 cm Yuji Sakai Godzilla 1995 Hong Kong Landing Clear Orange...,France,"Jouets et jeux:Cinéma, TV: personnages, jouets",3000,Occasion,1,0,,Active,FixedPriceItem,287.94,1,2026-09-18T04:46:51.000Z,https://www.ebay.com/itm/Serie-Toho-30-cm-Yuji-Sakai-Godzilla-1995-Hong-Kong-Landing-Clear-Orange-/377504967312
343,377504967473,Toho 30cm Series Yuji Sakai Godzilla 1995 Hong Kong Landing Clear Orange Used,Canada,"Toys & Hobbies:Robots, Monsters & Space Toys:Monsters:Godzilla",3000,Used,1,0,,Active,FixedPriceItem,462.66,1,2026-09-18T04:47:12.000Z,https://www.ebay.com/itm/Toho-30cm-Series-Yuji-Sakai-Godzilla-1995-Hong-Kong-Landing-Clear-Orange-Used-/377504967473
343,377504968788,Toho 30cm Series Yuji Sakai Godzilla 1995 Hong Kong Landing Clear Orange Usado,Spain,Juguetes:Juguetes de cine y TV,3000,Usado,1,0,,Active,FixedPriceItem,287.94,1,2026-09-18T04:48:28.000Z,https://www.ebay.com/itm/Toho-30cm-Series-Yuji-Sakai-Godzilla-1995-Hong-Kong-Landing-Clear-Orange-Usado-/377504968788
343,377504969885,Toho 30 cm Series Yuji Sakai Godzilla 1995 Hong Kong Landing Clear Orange usato,Italy,Giocattoli e modellismo:Personaggi TV e film,3000,Usato,1,0,,Active,FixedPriceItem,287.94,1,2026-09-18T04:49:02.000Z,https://www.ebay.com/itm/Toho-30-cm-Series-Yuji-Sakai-Godzilla-1995-Hong-Kong-Landing-Clear-Orange-usato-/377504969885
343,377504971936,Toho 30cm Serie Yuji Sakai Godzilla 1995 Hong Kong Landing Clear Orange...,Germany,Spielzeug:Action-Figuren & Zubehör:Action- & Spielfiguren,3000,Gebraucht,1,0,,Active,FixedPriceItem,287.94,1,2026-09-18T04:50:00.000Z,https://www.ebay.com/itm/Toho-30cm-Serie-Yuji-Sakai-Godzilla-1995-Hong-Kong-Landing-Clear-Orange-/377504971936
441,377482660080,Zoids Generations Liger Blue Souga Custom Parts Resin Cast Model Kit Used,US,Collectibles:Animation Art & Merchandise:Animation Merchandise:Other Animation Merchandise,3000,Used,1,0,,Active,FixedPriceItem,454.0,1,2026-09-09T02:20:16.000Z,https://www.ebay.com/itm/Zoids-Generations-Liger-Blue-Souga-Custom-Parts-Resin-Cast-Model-Kit-Used-/377482660080
441,377482856894,Zoids Generations Liger Blue Souga Custom Parts Resin Cast Model Kit Used,Australia,Collectables:Animation Art & Merchandise:Animation Merchandise:Other Animation Merchandise,3000,Used,1,0,,Active,FixedPriceItem,528.33,1,2026-09-09T03:59:38.000Z,https://www.ebay.com/itm/Zoids-Generations-Liger-Blue-Souga-Custom-Parts-Resin-Cast-Model-Kit-Used-/377482856894
441,377482788990,Zoids Generations Liger Blue Souga Custom Parts Resin Cast Model Kit Used,Canada,Collectibles:Animation Art & Merchandise:Animation Merchandise:Other Animation Merchandise,3000,Used,1,0,,Active,FixedPriceItem,526.01,1,2026-09-09T03:17:45.000Z,https://www.ebay.com/itm/Zoids-Generations-Liger-Blue-Souga-Custom-Parts-Resin-Cast-Model-Kit-Used-/377482788990
441,377482791378,Zoids Generations Liger Blue Souga Custom Parts Resin Cast Model Kit Usado,Spain,Coleccionismo:Dibujos animados,3000,Usado,1,0,,Active,FixedPriceItem,327.93,1,2026-09-09T03:19:24.000Z,https://www.ebay.com/itm/Zoids-Generations-Liger-Blue-Souga-Custom-Parts-Resin-Cast-Model-Kit-Usado-/377482791378
441,377482850902,Zoids Generations Liger Blue Souga Custom Parts Resin Cast Model Kit Gebraucht,Germany,Sammeln & Seltenes:Animationskunst & Merchandising:Animations Merchandising:Sonstige,3000,Gebraucht,1,0,,Active,FixedPriceItem,327.93,1,2026-09-09T03:55:01.000Z,https://www.ebay.com/itm/Zoids-Generations-Liger-Blue-Souga-Custom-Parts-Resin-Cast-Model-Kit-Gebraucht-/377482850902
441,377482851318,Zoids Generations Liger Blue Souga Custom Parts Resin Cast Model Kit Occasion,France,Collections:Autres,3000,Occasion,1,0,,Active,FixedPriceItem,327.93,1,2026-09-09T03:55:20.000Z,https://www.ebay.com/itm/Zoids-Generations-Liger-Blue-Souga-Custom-Parts-Resin-Cast-Model-Kit-Occasion-/377482851318
441,377482853053,Zoids Generations Liger Blue Souga Custom Parts Resin Cast Model Kit Used,UK,Collectables:Animation Art & Merchandise:Animation Merchandise:Other Animation Merchandise,3000,Used,1,0,,Active,FixedPriceItem,281.64,1,2026-09-09T03:57:03.000Z,https://www.ebay.com/itm/Zoids-Generations-Liger-Blue-Souga-Custom-Parts-Resin-Cast-Model-Kit-Used-/377482853053
441,377482854611,Zoids Generations Liger Blue Souga Custom Parts Resin Cast Model Kit usato,Italy,Collezionismo:Personaggi da collezione:Altri personaggi,3000,Usato,1,0,,Active,FixedPriceItem,327.93,1,2026-09-09T03:58:13.000Z,https://www.ebay.com/itm/Zoids-Generations-Liger-Blue-Souga-Custom-Parts-Resin-Cast-Model-Kit-usato-/377482854611
522,377469499661,KATO N Gauge C11 171 SL Winter Wetlands Train Set 14 Series 10-1958 Model Used,US,Toys & Hobbies:Model Railroads & Trains:Railroads & Trains:Starter Sets & Packs,3000,Used,1,0,,Active,FixedPriceItem,326.0,1,2026-09-04T04:01:42.000Z,https://www.ebay.com/itm/KATO-N-Gauge-C11-171-SL-Winter-Wetlands-Train-Set-14-Series-10-1958-Model-Used-/377469499661
522,377469728982,KATO N Gauge C11 171 SL Winter Wetlands Train Set 14 Series 10-1958 Model Used,UK,Collectables:Model Railways & Trains:Railways & Trains:Starter Sets & Packs,3000,Used,1,0,,Active,FixedPriceItem,202.97,1,2026-09-04T06:42:52.000Z,https://www.ebay.com/itm/KATO-N-Gauge-C11-171-SL-Winter-Wetlands-Train-Set-14-Series-10-1958-Model-Used-/377469728982
522,377469866753,KATO N Gauge C11 171 SL Winter Wetlands Train Set 14 Series 10-1958 Model Used,France,Jouets et jeux:Modélisme ferroviaire:Échelles rares:Kits de démarrage,3000,Occasion,1,0,,Active,FixedPriceItem,236.07,1,2026-09-04T08:00:11.000Z,https://www.ebay.com/itm/KATO-N-Gauge-C11-171-SL-Winter-Wetlands-Train-Set-14-Series-10-1958-Model-Used-/377469866753
522,377469869519,KATO N Gauge C11 171 SL Winter Wetlands Train Set 14 Series 10-1958 Modelo Usado,Spain,Juguetes:Modelismo ferroviario:Otras escalas:Cajas de iniciación,3000,Usado,1,0,,Active,FixedPriceItem,236.07,1,2026-09-04T08:01:08.000Z,https://www.ebay.com/itm/KATO-N-Gauge-C11-171-SL-Winter-Wetlands-Train-Set-14-Series-10-1958-Modelo-Usado-/377469869519
522,377469870301,KATO N Gauge C11 171 SL Winter Wetlands Train Set 14 Series 10-1958 Model Used,Canada,Toys & Hobbies:Model Railroads & Trains:Railroads & Trains:Starter Sets & Packs,3000,Used,1,0,,Active,FixedPriceItem,378.86,1,2026-09-04T08:01:51.000Z,https://www.ebay.com/itm/KATO-N-Gauge-C11-171-SL-Winter-Wetlands-Train-Set-14-Series-10-1958-Model-Used-/377469870301
522,377469870885,KATO Spur N C11 171 SL Winter Feuchtgebiete Zugset 14 Baureihe 10-1958...,Germany,Modellbau:Modelleisenbahn:Modelleisenbahnen & Züge:Startpackungen & Zugsets,3000,Gebraucht,1,0,,Active,FixedPriceItem,236.07,1,2026-09-04T08:02:29.000Z,https://www.ebay.com/itm/KATO-Spur-N-C11-171-SL-Winter-Feuchtgebiete-Zugset-14-Baureihe-10-1958-/377469870885
522,377469871773,KATO N Gauge C11 171 SL Winter Wetlands Train Set 14 Series 10-1958 Model Usato,Italy,Giocattoli e modellismo:Modellismo ferroviario:Altre scale:Pacchetti e starter kit,3000,Usato,1,0,,Active,FixedPriceItem,236.07,1,2026-09-04T08:03:21.000Z,https://www.ebay.com/itm/KATO-N-Gauge-C11-171-SL-Winter-Wetlands-Train-Set-14-Series-10-1958-Model-Usato-/377469871773
522,377471085757,KATO N Gauge C11 171 SL Winter Wetlands Train Set 14 Series 10-1958 Model Used,Australia,Toys & Hobbies:Model Railways & Trains:Railways & Trains:Starter Sets & Packs,3000,Used,1,0,,Active,FixedPriceItem,382.31,1,2026-09-04T19:01:10.000Z,https://www.ebay.com/itm/KATO-N-Gauge-C11-171-SL-Winter-Wetlands-Train-Set-14-Series-10-1958-Model-Used-/377471085757
536,377516389617,Arthur Rubinstein The Complete Album Collection 142CD 2DVD Deluxe Box Near Mint,US,Music:CDs,2750,Like New,1,0,,Active,FixedPriceItem,790.0,1,2026-09-23T01:35:11.000Z,https://www.ebay.com/itm/Arthur-Rubinstein-Complete-Album-Collection-142CD-2DVD-Deluxe-Box-Near-Mint-/377516389617
536,377516391032,Arthur Rubinstein The Complete Album Collection 142CD 2DVD Deluxe Box Near Mint,UK,Music:CDs,2750,Like New,1,0,,Active,FixedPriceItem,489.47,1,2026-09-23T01:36:08.000Z,https://www.ebay.com/itm/Arthur-Rubinstein-Complete-Album-Collection-142CD-2DVD-Deluxe-Box-Near-Mint-/377516391032
536,377516391466,Arthur Rubinstein The Complete Album Collection 142CD 2DVD Deluxe Box Near Mint,Canada,Music:CDs,2750,Like New,1,0,,Active,FixedPriceItem,916.04,1,2026-09-23T01:36:14.000Z,https://www.ebay.com/itm/Arthur-Rubinstein-Complete-Album-Collection-142CD-2DVD-Deluxe-Box-Near-Mint-/377516391466
536,377516396386,Arthur Rubinstein The Complete Album Collection 142CD 2DVD Deluxe Box Near Mint,France,"Musique, CD, vinyles:CD",2750,Comme neuf,1,0,,Active,FixedPriceItem,570.1,1,2026-09-23T01:39:42.000Z,https://www.ebay.com/itm/Arthur-Rubinstein-Complete-Album-Collection-142CD-2DVD-Deluxe-Box-Near-Mint-/377516396386
536,377516703408,Arthur Rubinstein The Complete Album Collection 142CD 2DVD Deluxe Box Near Mint,Germany,Musik:CDs,2750,Neuwertig,1,0,,Active,FixedPriceItem,570.1,1,2026-09-23T04:19:25.000Z,https://www.ebay.com/itm/Arthur-Rubinstein-Complete-Album-Collection-142CD-2DVD-Deluxe-Box-Near-Mint-/377516703408
536,377516879893,Arthur Rubinstein The Complete Album Collection 142CD 2DVD Deluxe Box Near Mint,Italy,"Musica, CD e vinili:CD",2750,Come Nuovo,1,0,,Active,FixedPriceItem,570.1,1,2026-09-23T06:32:14.000Z,https://www.ebay.com/itm/Arthur-Rubinstein-Complete-Album-Collection-142CD-2DVD-Deluxe-Box-Near-Mint-/377516879893
536,377517062073,Arthur Rubinstein The Complete Album Collection 142CD 2DVD Deluxe Box Near Mint,Spain,"Música, CDs y vinilos:CDs",2750,Como nuevo,1,0,,Active,FixedPriceItem,570.1,1,2026-09-23T08:44:18.000Z,https://www.ebay.com/itm/Arthur-Rubinstein-Complete-Album-Collection-142CD-2DVD-Deluxe-Box-Near-Mint-/377517062073
536,377517257430,Arthur Rubinstein The Complete Album Collection 142CD 2DVD Deluxe Box Near Mint,Australia,Music:CDs,2750,Like new,1,0,,Active,FixedPriceItem,919.15,1,2026-09-23T10:52:58.000Z,https://www.ebay.com/itm/Arthur-Rubinstein-Complete-Album-Collection-142CD-2DVD-Deluxe-Box-Near-Mint-/377517257430
542,377498764252,Pokemon Tale Picture Book Little Ghost Haunter Japanese Vintage Used Very Good,US,Collectibles:Animation Art & Merchandise:Animation Merchandise:Other Animation Merchandise,3000,Used,1,0,,Active,FixedPriceItem,443.0,1,2026-09-16T03:10:04.000Z,https://www.ebay.com/itm/Pokemon-Tale-Picture-Book-Little-Ghost-Haunter-Japanese-Vintage-Used-Very-Good-/377498764252
542,377498912770,Pokemon Tale Picture Book Little Ghost Haunter Japanese Vintage Used Very Good,Australia,Collectables:Animation Art & Merchandise:Animation Merchandise:Other Animation Merchandise,3000,Used,1,0,,Active,FixedPriceItem,522.56,1,2026-09-16T04:30:05.000Z,https://www.ebay.com/itm/Pokemon-Tale-Picture-Book-Little-Ghost-Haunter-Japanese-Vintage-Used-Very-Good-/377498912770
542,377498837901,Pokemon Tale Picture Book Little Ghost Haunter Japanese Vintage Used Very Good,Canada,Collectibles:Animation Art & Merchandise:Animation Merchandise:Other Animation Merchandise,3000,Used,1,0,,Active,FixedPriceItem,520.48,1,2026-09-16T03:47:52.000Z,https://www.ebay.com/itm/Pokemon-Tale-Picture-Book-Little-Ghost-Haunter-Japanese-Vintage-Used-Very-Good-/377498837901
542,377498910961,Livre photo Pokemon Tale Little Ghost Haunter japonais vintage occasion très ...,France,Collections:Autres,3000,Occasion,1,0,,Active,FixedPriceItem,323.98,1,2026-09-16T04:29:24.000Z,https://www.ebay.com/itm/Livre-photo-Pokemon-Tale-Little-Ghost-Haunter-japonais-vintage-occasion-tres-/377498910961
542,377498911603,Pokemon Tale Picture Book Little Ghost Haunter japonés vintage usado muy bueno,Spain,Coleccionismo:Dibujos animados,3000,Usado,1,0,,Active,FixedPriceItem,323.98,1,2026-09-16T04:29:43.000Z,https://www.ebay.com/itm/Pokemon-Tale-Picture-Book-Little-Ghost-Haunter-japones-vintage-usado-muy-bueno-/377498911603
542,377498919207,Pokemon Tale Bilderbuch Little Ghost Haunter Japanisch Vintage Gebraucht Sehr...,Germany,Sammeln & Seltenes:Animationskunst & Merchandising:Animations Merchandising:Sonstige,3000,Gebraucht,1,0,,Active,FixedPriceItem,323.98,1,2026-09-16T04:30:58.000Z,https://www.ebay.com/itm/Pokemon-Tale-Bilderbuch-Little-Ghost-Haunter-Japanisch-Vintage-Gebraucht-Sehr-/377498919207
542,377498921150,Pokemon Tale Picture Book Little Ghost Haunter giapponese vintage usato molto...,Italy,Collezionismo:Personaggi da collezione:Altri personaggi,3000,Usato,1,0,,Active,FixedPriceItem,323.98,1,2026-09-16T04:31:59.000Z,https://www.ebay.com/itm/Pokemon-Tale-Picture-Book-Little-Ghost-Haunter-giapponese-vintage-usato-molto-/377498921150
542,377499186547,Pokemon Tale Picture Book Little Ghost Haunter Japanese Vintage Used Very Good,UK,Collectables:Animation Art & Merchandise:Animation Merchandise:Other Animation Merchandise,3000,Used,1,0,,Active,FixedPriceItem,277.8,1,2026-09-16T07:29:55.000Z,https://www.ebay.com/itm/Pokemon-Tale-Picture-Book-Little-Ghost-Haunter-Japanese-Vintage-Used-Very-Good-/377499186547
555,377516389690,Gift Fate Stay Night Heaven's Feel Plush Doll Avenger Jeanne d'Arc Alter Used,Australia,Collectables:Animation Art & Merchandise:Animation Merchandise:Plush Items,3000,Used,1,0,,Active,FixedPriceItem,323.45,1,2026-09-23T01:35:19.000Z,https://www.ebay.com/itm/Gift-Fate-Stay-Night-Heavens-Feel-Plush-Doll-Avenger-Jeanne-dArc-Alter-Used-/377516389690
555,377516389606,Gift Fate Stay Night Heaven's Feel Plush Doll Avenger Jeanne d'Arc Alter Used,US,Collectibles:Animation Art & Merchandise:Animation Merchandise:Plush Items,3000,Used,1,0,,Active,FixedPriceItem,278.0,1,2026-09-23T01:35:11.000Z,https://www.ebay.com/itm/Gift-Fate-Stay-Night-Heavens-Feel-Plush-Doll-Avenger-Jeanne-dArc-Alter-Used-/377516389606
555,377516390015,Regalo Fate Stay Night Heaven's Feel Peluche Bambola Avenger Jeanne d'Arc...,Italy,Collezionismo:Personaggi da collezione:Altri personaggi,3000,Usato,1,0,,Active,FixedPriceItem,200.62,1,2026-09-23T01:35:42.000Z,https://www.ebay.com/itm/Regalo-Fate-Stay-Night-Heavens-Feel-Peluche-Bambola-Avenger-Jeanne-dArc-/377516390015
555,377516703208,Gift Fate Stay Night Heaven's Feel Plush Doll Avenger Jeanne d'Arc Alter Used,Canada,Collectibles:Animation Art & Merchandise:Animation Merchandise:Plush Items,3000,Used,1,0,,Active,FixedPriceItem,322.35,1,2026-09-23T04:18:51.000Z,https://www.ebay.com/itm/Gift-Fate-Stay-Night-Heavens-Feel-Plush-Doll-Avenger-Jeanne-dArc-Alter-Used-/377516703208
555,377516703322,Peluche poupée cadeau destin séjour nuit sentiment ciel Avenger Jeanne...,France,Collections:Autres,3000,Occasion,1,0,,Active,FixedPriceItem,200.62,1,2026-09-23T04:19:08.000Z,https://www.ebay.com/itm/Peluche-poupee-cadeau-destin-sejour-nuit-sentiment-ciel-Avenger-Jeanne-/377516703322
555,377516703416,Geschenk Fate Stay Night Heaven's Feel Plüsch Puppe Avenger Jeanne d'Arc...,Germany,Sammeln & Seltenes:Animationskunst & Merchandising:Animations Merchandising:Plüschtiere,3000,Gebraucht,1,0,,Active,FixedPriceItem,200.62,1,2026-09-23T04:19:26.000Z,https://www.ebay.com/itm/Geschenk-Fate-Stay-Night-Heavens-Feel-Plusch-Puppe-Avenger-Jeanne-dArc-/377516703416
555,377516880047,Regalo Fate Stay Night Heaven's Feel Peluche Muñeca Avenger Jeanne d'Arc...,Spain,Coleccionismo:Dibujos animados,3000,Usado,1,0,,Active,FixedPriceItem,200.62,1,2026-09-23T06:32:23.000Z,https://www.ebay.com/itm/Regalo-Fate-Stay-Night-Heavens-Feel-Peluche-Muneca-Avenger-Jeanne-dArc-/377516880047
555,377517061967,Gift Fate Stay Night Heaven's Feel Plush Doll Avenger Jeanne d'Arc Alter Used,UK,Collectables:Animation Art & Merchandise:Animation Merchandise:Other Animation Merchandise,3000,Used,1,0,,Active,FixedPriceItem,172.24,1,2026-09-23T08:44:05.000Z,https://www.ebay.com/itm/Gift-Fate-Stay-Night-Heavens-Feel-Plush-Doll-Avenger-Jeanne-dArc-Alter-Used-/377517061967
565,377493864294,Phat Company Uma Musume Pretty Derby RUN & WIN Nice Nature 1/7 Scale Figure Used,US,Collectibles:Animation Art & Merchandise:Animation Merchandise:Figures & Statues,3000,Used,1,0,,Active,FixedPriceItem,288.0,1,2026-09-14T04:12:46.000Z,https://www.ebay.com/itm/Phat-Company-Uma-Musume-Pretty-Derby-RUN-WIN-Nice-Nature-1-7-Scale-Figure-Used-/377493864294
565,377493931352,Phat Company Uma Musume Pretty Derby RUN & WIN Nice Nature 1/7 Scale Figure Used,Australia,Collectables:Animation Art & Merchandise:Animation Merchandise:Figures & Statues,3000,Used,1,0,,Active,FixedPriceItem,335.08,1,2026-09-14T05:14:55.000Z,https://www.ebay.com/itm/Phat-Company-Uma-Musume-Pretty-Derby-RUN-WIN-Nice-Nature-1-7-Scale-Figure-Used-/377493931352
565,377493897138,Phat Company Uma Musume Pretty Derby RUN & WIN Nice Nature 1/7 Scale Figure Used,Canada,Collectibles:Animation Art & Merchandise:Animation Merchandise:Figures & Statues,3000,Used,1,0,,Active,FixedPriceItem,333.95,1,2026-09-14T04:48:17.000Z,https://www.ebay.com/itm/Phat-Company-Uma-Musume-Pretty-Derby-RUN-WIN-Nice-Nature-1-7-Scale-Figure-Used-/377493897138
565,377493932760,Figura Phat Company Uma Musume Pretty Derby RUN & WIN Nice Nature escala...,Spain,Coleccionismo:Dibujos animados,3000,Usado,1,0,,Active,FixedPriceItem,207.83,1,2026-09-14T05:15:17.000Z,https://www.ebay.com/itm/Figura-Phat-Company-Uma-Musume-Pretty-Derby-RUN-WIN-Nice-Nature-escala-/377493932760
565,377493933920,Phat Company Uma Musume Pretty Derby RUN & WIN Nice Nature 1/7 Scale Figure Used,Germany,Sammeln & Seltenes:Animationskunst & Merchandising:Animations Merchandising:Sonstige,3000,Gebraucht,1,0,,Active,FixedPriceItem,207.83,1,2026-09-14T05:15:48.000Z,https://www.ebay.com/itm/Phat-Company-Uma-Musume-Pretty-Derby-RUN-WIN-Nice-Nature-1-7-Scale-Figure-Used-/377493933920
565,377494001076,Figura Phat Company Uma Musume Pretty Derby RUN & WIN Nice Nature scala 1/7...,Italy,Collezionismo:Personaggi da collezione:Altri personaggi,3000,Usato,1,0,,Active,FixedPriceItem,207.83,1,2026-09-14T06:04:23.000Z,https://www.ebay.com/itm/Figura-Phat-Company-Uma-Musume-Pretty-Derby-RUN-WIN-Nice-Nature-scala-1-7-/377494001076
565,377494004160,Figurine Phat Company Uma Musume Pretty Derby RUN & WIN Nice Nature échelle...,France,Collections:Autres,3000,Occasion,1,0,,Active,FixedPriceItem,207.83,1,2026-09-14T06:06:56.000Z,https://www.ebay.com/itm/Figurine-Phat-Company-Uma-Musume-Pretty-Derby-RUN-WIN-Nice-Nature-echelle-/377494004160
565,377494017629,Phat Company Uma Musume Pretty Derby RUN & WIN Nice Nature 1/7 Scale Figure Used,UK,Collectables:Animation Art & Merchandise:Animation Merchandise:Other Animation Merchandise,3000,Used,1,0,,Active,FixedPriceItem,178.44,1,2026-09-14T06:13:16.000Z,https://www.ebay.com/itm/Phat-Company-Uma-Musume-Pretty-Derby-RUN-WIN-Nice-Nature-1-7-Scale-Figure-Used-/377494017629
644,377525311297,Transformers Beast Wars X-7 Elphaorpha Action Figure Takara Used Good Condition,Australia,Toys & Hobbies:Action Figures & Accessories:Action Figures,3000,Used,1,0,,Active,FixedPriceItem,511.93,1,2026-09-26T22:54:36.000Z,https://www.ebay.com/itm/Transformers-Beast-Wars-X-7-Elphaorpha-Action-Figure-Takara-Used-Good-Condition-/377525311297
644,377525293188,Transformers Beast Wars X-7 Elphaorpha Action Figure Takara Used Good Condition,US,Toys & Hobbies:Action Figures & Accessories:Action Figures,3000,Used,1,0,,Active,FixedPriceItem,440.0,1,2026-09-26T22:43:33.000Z,https://www.ebay.com/itm/Transformers-Beast-Wars-X-7-Elphaorpha-Action-Figure-Takara-Used-Good-Condition-/377525293188
644,377525319821,Transformers Beast Wars X-7 Elphaorpha Action Figure Takara Used Good Condition,Canada,Toys & Hobbies:Action Figures & Accessories:Action Figures,3000,Used,1,0,,Active,FixedPriceItem,510.2,1,2026-09-26T23:03:38.000Z,https://www.ebay.com/itm/Transformers-Beast-Wars-X-7-Elphaorpha-Action-Figure-Takara-Used-Good-Condition-/377525319821
644,377525293839,Transformers Beast Wars X-7 Elphaorpha Action Figure Takara usato buone...,Italy,Giocattoli e modellismo:Action figure:Altro action figure,3000,Usato,1,0,,Active,FixedPriceItem,317.52,1,2026-09-26T22:44:23.000Z,https://www.ebay.com/itm/Transformers-Beast-Wars-X-7-Elphaorpha-Action-Figure-Takara-usato-buone-/377525293839
644,377525307271,Figura de acción Transformers Beast Wars X-7 Elphaorpha Takara usada buen...,Spain,Juguetes:Figuras de acción:Otros,3000,Usado,1,0,,Active,FixedPriceItem,317.52,1,2026-09-26T22:51:47.000Z,https://www.ebay.com/itm/Figura-accion-Transformers-Beast-Wars-X-7-Elphaorpha-Takara-usada-buen-/377525307271
644,377525309929,Transformers Beast Wars X-7 Elphaorpha Actionfigur Takara gebraucht guter...,Germany,Spielzeug:Action-Figuren & Zubehör:Action- & Spielfiguren,3000,Gebraucht,1,0,,Active,FixedPriceItem,317.52,1,2026-09-26T22:54:03.000Z,https://www.ebay.com/itm/Transformers-Beast-Wars-X-7-Elphaorpha-Actionfigur-Takara-gebraucht-guter-/377525309929
644,377525311380,Transformers Beast Wars X-7 Elphaorpha Action Figure Takara Used Good Condition,UK,Toys & Games:Action Figures & Accessories:Action Figures,3000,Used,1,0,,Active,FixedPriceItem,272.61,1,2026-09-26T22:54:47.000Z,https://www.ebay.com/itm/Transformers-Beast-Wars-X-7-Elphaorpha-Action-Figure-Takara-Used-Good-Condition-/377525311380
644,377525311821,Figurine Transformers Beast Wars X-7 Elphaorpha Takara occasion bon état,France,"Jouets et jeux:Figurines, statues:Autres",3000,Occasion,1,0,,Active,FixedPriceItem,317.52,1,2026-09-26T22:55:24.000Z,https://www.ebay.com/itm/Figurine-Transformers-Beast-Wars-X-7-Elphaorpha-Takara-occasion-bon-etat-/377525311821
659,377474161334,Jujutsu Kaisen Toji Fushiguro Naoya Zenin Jump Festa 2023 Plush Mascot Used,US,Collectibles:Animation Art & Merchandise:Animation Merchandise:Plush Items,3000,Used,1,0,,Active,FixedPriceItem,187.0,1,2026-09-05T23:17:11.000Z,https://www.ebay.com/itm/Jujutsu-Kaisen-Toji-Fushiguro-Naoya-Zenin-Jump-Festa-2023-Plush-Mascot-Used-/377474161334
659,377474285572,Jujutsu Kaisen Toji Fushiguro Naoya Zenin Jump Festa 2023 Plush Mascot Used,Australia,Collectables:Animation Art & Merchandise:Animation Merchandise:Other Animation Merchandise,3000,Used,1,0,,Active,FixedPriceItem,223.67,1,2026-09-06T00:26:59.000Z,https://www.ebay.com/itm/Jujutsu-Kaisen-Toji-Fushiguro-Naoya-Zenin-Jump-Festa-2023-Plush-Mascot-Used-/377474285572
659,377474232014,Jujutsu Kaisen Toji Fushiguro Naoya Zenin Jump Festa 2023 Plush Mascot Used,UK,Collectables:Animation Art & Merchandise:Animation Merchandise:Plush Items,3000,Used,1,0,,Active,FixedPriceItem,118.57,1,2026-09-05T23:55:20.000Z,https://www.ebay.com/itm/Jujutsu-Kaisen-Toji-Fushiguro-Naoya-Zenin-Jump-Festa-2023-Plush-Mascot-Used-/377474232014
659,377474283727,Jujutsu Kaisen Toji Fushiguro Naoya Zenin Jump Festa 2023 Plush Mascot Used,Canada,Collectibles:Animation Art & Merchandise:Animation Merchandise:Plush Items,3000,Used,1,0,,Active,FixedPriceItem,222.15,1,2026-09-06T00:23:58.000Z,https://www.ebay.com/itm/Jujutsu-Kaisen-Toji-Fushiguro-Naoya-Zenin-Jump-Festa-2023-Plush-Mascot-Used-/377474283727
659,377474284252,Jujutsu Kaisen Toji Fushiguro Naoya Zenin Jump Festa 2023 Peluche Mascota Usado,Spain,Coleccionismo:Dibujos animados,3000,Usado,1,0,,Active,FixedPriceItem,137.89,1,2026-09-06T00:24:57.000Z,https://www.ebay.com/itm/Jujutsu-Kaisen-Toji-Fushiguro-Naoya-Zenin-Jump-Festa-2023-Peluche-Mascota-Usado-/377474284252
659,377474284876,Mascotte peluche Jujutsu Kaisen Toji Fushiguro Naoya Zenin Jump Festa 2023 usata,Italy,Collezionismo:Personaggi da collezione:Altri personaggi,3000,Usato,1,0,,Active,FixedPriceItem,137.89,1,2026-09-06T00:25:40.000Z,https://www.ebay.com/itm/Mascotte-peluche-Jujutsu-Kaisen-Toji-Fushiguro-Naoya-Zenin-Jump-Festa-2023-usata-/377474284876
659,377474287043,Mascotte peluche Jujutsu Kaisen Toji Fushiguro Naoya Zenin Jump Festa 2023 oc...,France,Collections:Autres,3000,Occasion,1,0,,Active,FixedPriceItem,137.89,1,2026-09-06T00:28:09.000Z,https://www.ebay.com/itm/Mascotte-peluche-Jujutsu-Kaisen-Toji-Fushiguro-Naoya-Zenin-Jump-Festa-2023-oc-/377474287043
659,377474382424,Jujutsu Kaisen Toji Fushiguro Naoya Zenin Jump Festa 2023 Plüsch Maskottchen ...,Germany,Sammeln & Seltenes:Animationskunst & Merchandising:Animations Merchandising:Sonstige,3000,Gebraucht,1,0,,Active,FixedPriceItem,137.89,1,2026-09-06T01:01:27.000Z,https://www.ebay.com/itm/Jujutsu-Kaisen-Toji-Fushiguro-Naoya-Zenin-Jump-Festa-2023-Plusch-Maskottchen-/377474382424
680,377471566303,Demon Slayer Tanjiro Kamado Risshi Hen Soundtrack Vinyl LP Record Used Very Good,US,Music:Vinyl Records,3000,Used,1,0,,Active,FixedPriceItem,489.0,1,2026-09-05T00:14:00.000Z,https://www.ebay.com/itm/Demon-Slayer-Tanjiro-Kamado-Risshi-Hen-Soundtrack-Vinyl-LP-Record-Used-Very-Good-/377471566303
680,377471820468,Demon Slayer Tanjiro Kamado Risshi Hen Soundtrack Vinyl LP Record Used Very Good,Australia,Music:Other Formats,5000,Good,1,0,,Active,FixedPriceItem,576.83,1,2026-09-05T02:20:18.000Z,https://www.ebay.com/itm/Demon-Slayer-Tanjiro-Kamado-Risshi-Hen-Soundtrack-Vinyl-LP-Record-Used-Very-Good-/377471820468
680,377471696699,Demon Slayer Tanjiro Kamado Risshi Hen Soundtrack Vinyl LP Record Used Very Good,Canada,Music:Vinyl Records,3000,Used,1,0,,Active,FixedPriceItem,574.53,1,2026-09-05T01:25:09.000Z,https://www.ebay.com/itm/Demon-Slayer-Tanjiro-Kamado-Risshi-Hen-Soundtrack-Vinyl-LP-Record-Used-Very-Good-/377471696699
680,377471746003,Demon Slayer Tanjiro Kamado Risshi Hen Soundtrack Vinyl LP Schallplatte gebra...,Germany,Musik:Weitere Formate,5000,Gut,1,0,,Active,FixedPriceItem,357.62,1,2026-09-05T01:50:33.000Z,https://www.ebay.com/itm/Demon-Slayer-Tanjiro-Kamado-Risshi-Hen-Soundtrack-Vinyl-LP-Schallplatte-gebra-/377471746003
680,377471748271,Demon Slayer Tanjiro Kamado Risshi Hen colonna sonora disco LP in vinile usat...,Italy,"Musica, CD e vinili:Musicassette:Altro musicassette",5000,Buone condizioni,1,0,,Active,FixedPriceItem,357.62,1,2026-09-05T01:51:11.000Z,https://www.ebay.com/itm/Demon-Slayer-Tanjiro-Kamado-Risshi-Hen-colonna-sonora-disco-LP-vinile-usat-/377471748271
680,377471749708,Demon Slayer Tanjiro Kamado Risshi Hen Banda Sonora Vinilo LP Disco Usado Muy...,Spain,"Música, CDs y vinilos:Vinilos",5000,En buen estado,1,0,,Active,FixedPriceItem,357.62,1,2026-09-05T01:51:53.000Z,https://www.ebay.com/itm/Demon-Slayer-Tanjiro-Kamado-Risshi-Hen-Banda-Sonora-Vinilo-LP-Disco-Usado-Muy-/377471749708
680,377471821898,Demon Slayer Tanjiro Kamado Risshi Hen Soundtrack Vinyl LP Record Used Very Good,France,"Musique, CD, vinyles:Vinyles",3000,Occasion,1,0,,Active,FixedPriceItem,357.62,1,2026-09-05T02:20:50.000Z,https://www.ebay.com/itm/Demon-Slayer-Tanjiro-Kamado-Risshi-Hen-Soundtrack-Vinyl-LP-Record-Used-Very-Good-/377471821898
680,377471908488,Demon Slayer Tanjiro Kamado Risshi Hen Soundtrack Vinyl LP Record Used Very Good,UK,Music:Other Formats,5000,Good,1,0,,Active,FixedPriceItem,306.65,1,2026-09-05T03:04:41.000Z,https://www.ebay.com/itm/Demon-Slayer-Tanjiro-Kamado-Risshi-Hen-Soundtrack-Vinyl-LP-Record-Used-Very-Good-/377471908488
716,377504235711,Chogokin Tamashii GX-88 Armored Fleet Dairugger XV Action Figure Bandai Used,Australia,Toys & Hobbies:Action Figures & Accessories:Action Figures,3000,Used,1,0,,Active,FixedPriceItem,560.31,1,2026-09-17T22:34:23.000Z,https://www.ebay.com/itm/Chogokin-Tamashii-GX-88-Armored-Fleet-Dairugger-XV-Action-Figure-Bandai-Used-/377504235711
716,377504232625,Chogokin Tamashii GX-88 Armored Fleet Dairugger XV Action Figure Bandai Used,US,Toys & Hobbies:Action Figures & Accessories:Action Figures,3000,Used,1,0,,Active,FixedPriceItem,475.0,1,2026-09-17T22:31:51.000Z,https://www.ebay.com/itm/Chogokin-Tamashii-GX-88-Armored-Fleet-Dairugger-XV-Action-Figure-Bandai-Used-/377504232625
716,377504233762,Chogokin Tamashii GX-88 Armored Fleet Dairugger XV Action Figure Bandai Used,Canada,Toys & Hobbies:Action Figures & Accessories:Action Figures,3000,Used,1,0,,Active,FixedPriceItem,558.08,1,2026-09-17T22:32:13.000Z,https://www.ebay.com/itm/Chogokin-Tamashii-GX-88-Armored-Fleet-Dairugger-XV-Action-Figure-Bandai-Used-/377504233762
716,377504236059,Modellino Chogokin Tamashii GX-88 Armored Fleet Dairugger XV Bandai usato,Italy,Giocattoli e modellismo:Action figure:Altro action figure,3000,Usato,1,0,,Active,FixedPriceItem,347.38,1,2026-09-17T22:34:40.000Z,https://www.ebay.com/itm/Modellino-Chogokin-Tamashii-GX-88-Armored-Fleet-Dairugger-XV-Bandai-usato-/377504236059
716,377504236712,Figurine articulée Chogokin Tamashii GX-88 Armored Fleet Dairugger XV Bandai ...,France,"Jouets et jeux:Figurines, statues:Autres",3000,Occasion,1,0,,Active,FixedPriceItem,347.38,1,2026-09-17T22:35:36.000Z,https://www.ebay.com/itm/Figurine-articulee-Chogokin-Tamashii-GX-88-Armored-Fleet-Dairugger-XV-Bandai-/377504236712
716,377504237185,Chogokin Tamashii GX-88 Armored Fleet Dairugger XV Action Figure Bandai Used,UK,Toys & Games:Action Figures & Accessories:Action Figures,3000,Used,1,0,,Active,FixedPriceItem,297.87,1,2026-09-17T22:36:16.000Z,https://www.ebay.com/itm/Chogokin-Tamashii-GX-88-Armored-Fleet-Dairugger-XV-Action-Figure-Bandai-Used-/377504237185
716,377504244499,Chogokin Tamashii GX-88 Armored Fleet Dairugger XV Actionfigur Bandai gebraucht,Germany,Spielzeug:Action-Figuren & Zubehör:Action- & Spielfiguren,3000,Gebraucht,1,0,,Active,FixedPriceItem,347.38,1,2026-09-17T22:42:37.000Z,https://www.ebay.com/itm/Chogokin-Tamashii-GX-88-Armored-Fleet-Dairugger-XV-Actionfigur-Bandai-gebraucht-/377504244499
716,377504249676,Figura de acción Chogokin Tamashii GX-88 Armored Fleet Dairugger XV Bandai usada,Spain,Juguetes:Figuras de acción:Otros,3000,Usado,1,0,,Active,FixedPriceItem,347.38,1,2026-09-17T22:46:04.000Z,https://www.ebay.com/itm/Figura-accion-Chogokin-Tamashii-GX-88-Armored-Fleet-Dairugger-XV-Bandai-usada-/377504249676
726,377493864306,Sneasel Pitatto Pokemon Time Plush Toy Pokemon Center Original Used Very Good,US,Collectibles:Animation Art & Merchandise:Animation Merchandise:Plush Items,3000,Used,1,0,,Active,FixedPriceItem,499.0,1,2026-09-14T04:12:46.000Z,https://www.ebay.com/itm/Sneasel-Pitatto-Pokemon-Time-Plush-Toy-Pokemon-Center-Original-Used-Very-Good-/377493864306
726,377493897157,Sneasel Pitatto Pokemon Time Plush Toy Pokemon Center Original Used Very Good,Canada,Collectibles:Animation Art & Merchandise:Animation Merchandise:Plush Items,3000,Used,1,0,,Active,FixedPriceItem,586.28,1,2026-09-14T04:48:18.000Z,https://www.ebay.com/itm/Sneasel-Pitatto-Pokemon-Time-Plush-Toy-Pokemon-Center-Original-Used-Very-Good-/377493897157
726,377494017575,Sneasel Pitatto Pokemon Time Plush Toy Pokemon Center Original Used Very Good,Australia,Collectables:Animation Art & Merchandise:Animation Merchandise:Other Animation Merchandise,3000,Used,1,0,,Active,FixedPriceItem,588.62,1,2026-09-14T06:13:12.000Z,https://www.ebay.com/itm/Sneasel-Pitatto-Pokemon-Time-Plush-Toy-Pokemon-Center-Original-Used-Very-Good-/377494017575
726,377493931354,Sneasel Pitatto Pokemon Time Plush Toy Pokemon Center Original Used Very Good,UK,Collectables:Animation Art & Merchandise:Animation Merchandise:Plush Items,3000,Used,1,0,,Active,FixedPriceItem,312.93,1,2026-09-14T05:14:56.000Z,https://www.ebay.com/itm/Sneasel-Pitatto-Pokemon-Time-Plush-Toy-Pokemon-Center-Original-Used-Very-Good-/377493931354
726,377493933385,Sneasel Pitatto Pokemon Time Peluche Pokemon Center Original Usado Muy Bueno,Spain,Coleccionismo:Dibujos animados,3000,Usado,1,0,,Active,FixedPriceItem,364.93,1,2026-09-14T05:15:21.000Z,https://www.ebay.com/itm/Sneasel-Pitatto-Pokemon-Time-Peluche-Pokemon-Center-Original-Usado-Muy-Bueno-/377493933385
726,377494003583,Peluche Sneasel Pitatto Pokemon Time Pokemon Center originale usato molto buono,Italy,Collezionismo:Personaggi da collezione:Altri personaggi,3000,Usato,1,0,,Active,FixedPriceItem,364.93,1,2026-09-14T06:06:26.000Z,https://www.ebay.com/itm/Peluche-Sneasel-Pitatto-Pokemon-Time-Pokemon-Center-originale-usato-molto-buono-/377494003583
726,377494018069,Sneasel Pitatto Pokemon Zeit Plüschtier Pokemon Center Original Gebraucht Seh...,Germany,Sammeln & Seltenes:Animationskunst & Merchandising:Animations Merchandising:Sonstige,3000,Gebraucht,1,0,,Active,FixedPriceItem,364.93,1,2026-09-14T06:13:39.000Z,https://www.ebay.com/itm/Sneasel-Pitatto-Pokemon-Zeit-Pluschtier-Pokemon-Center-Original-Gebraucht-Seh-/377494018069
726,377494051566,Peluche Sneasel Pitatto Pokemon Time Pokemon Center originale occasion très b...,France,Collections:Autres,3000,Occasion,1,0,,Active,FixedPriceItem,364.93,1,2026-09-14T06:34:37.000Z,https://www.ebay.com/itm/Peluche-Sneasel-Pitatto-Pokemon-Time-Pokemon-Center-originale-occasion-tres-b-/377494051566
783,377471393866,Nekojiru Taizen Whole Volume Top and Bottom Set Japanese Cat Manga Used Good,US,Collectibles:Comic Books & Memorabilia:Manga & Asian Comics:Single Volumes,5000,Good,1,0,,Active,FixedPriceItem,370.0,1,2026-09-04T22:24:46.000Z,https://www.ebay.com/itm/Nekojiru-Taizen-Whole-Volume-Top-and-Bottom-Set-Japanese-Cat-Manga-Used-Good-/377471393866
783,377471702101,Nekojiru Taizen Whole Volume Top and Bottom Set Japanese Cat Manga Used Good,Australia,"Books, Comics & Magazines:Comic Books & Memorabilia:Manga & Asian Comics:Single Volumes",5000,,1,0,,Active,FixedPriceItem,436.46,1,2026-09-05T01:29:33.000Z,https://www.ebay.com/itm/Nekojiru-Taizen-Whole-Volume-Top-and-Bottom-Set-Japanese-Cat-Manga-Used-Good-/377471702101
783,377471618512,Nekojiru Taizen Whole Volume Top and Bottom Set Japanese Cat Manga Used Good,Canada,Collectibles:Comic Books & Memorabilia:Manga & Asian Comics:Single Volumes,5000,Good,1,0,,Active,FixedPriceItem,434.72,1,2026-09-05T00:43:51.000Z,https://www.ebay.com/itm/Nekojiru-Taizen-Whole-Volume-Top-and-Bottom-Set-Japanese-Cat-Manga-Used-Good-/377471618512
783,377471642990,Nekojiru Taizen Whole Volume Top and Bottom Set Japanese Cat Manga Used Good,UK,"Books, Comics & Magazines:Comic Books & Memorabilia:Manga & Asian Comics:Single Volumes",5000,,1,0,,Active,FixedPriceItem,232.02,1,2026-09-05T00:56:46.000Z,https://www.ebay.com/itm/Nekojiru-Taizen-Whole-Volume-Top-and-Bottom-Set-Japanese-Cat-Manga-Used-Good-/377471642990
783,377471705202,Nekojiru Taizen Volumen Completo Conjunto Superior e Inferior Gato Japonés Ma...,Spain,"Libros, revistas y cómics:Cómics, manga y memorabilia:Manga y cómics asiáticos:Tomos recopilatorios",5000,,1,0,,Active,FixedPriceItem,270.59,1,2026-09-05T01:30:08.000Z,https://www.ebay.com/itm/Nekojiru-Taizen-Volumen-Completo-Conjunto-Superior-e-Inferior-Gato-Japones-Ma-/377471705202
783,377471821260,Nekojiru Taizen intero volume superiore e inferiore set manga gatto giappones...,Italy,Fumetti e memorabilia:Manga e fumetti asiatici:Volumi singoli,5000,Buone condizioni,1,0,,Active,FixedPriceItem,270.59,1,2026-09-05T02:20:29.000Z,https://www.ebay.com/itm/Nekojiru-Taizen-intero-volume-superiore-e-inferiore-set-manga-gatto-giappones-/377471821260
783,377471822022,Ensemble Nekojiru Taizen volume entier haut et bas manga japonais chat occasi...,France,"Livres, BD, revues:Bandes dessinées, comics et produits dérivés:Mangas et BD asiatiques:Tomes",5000,,1,0,,Active,FixedPriceItem,270.59,1,2026-09-05T02:20:57.000Z,https://www.ebay.com/itm/Ensemble-Nekojiru-Taizen-volume-entier-haut-et-bas-manga-japonais-chat-occasi-/377471822022
783,377472388360,Nekojiru Taizen ganzer Band oben und unten Set japanische Katze Manga gebrauc...,Germany,Sammeln & Seltenes:Comics & Comic-Fanartikel:Mangas & Asiatische Comics:Sammelbände,5000,Gut,1,0,,Active,FixedPriceItem,270.59,1,2026-09-05T08:08:26.000Z,https://www.ebay.com/itm/Nekojiru-Taizen-ganzer-Band-oben-unten-Set-japanische-Katze-Manga-gebrauc-/377472388360
784,377469499652,ONE PIECE World Collectable Figure Dressrosa 2 Set of 6 WCF BANPRESTO from Japan,US,Collectibles:Animation Art & Merchandise:Animation Merchandise:Figures & Statues,3000,Used,1,0,,Active,FixedPriceItem,219.0,1,2026-09-04T04:01:42.000Z,https://www.ebay.com/itm/ONE-PIECE-World-Collectable-Figure-Dressrosa-2-Set-6-WCF-BANPRESTO-Japan-/377469499652
784,377469729525,ONE PIECE World Collectable Figure Dressrosa 2 Set of 6 WCF BANPRESTO from Japan,Canada,Collectibles:Animation Art & Merchandise:Animation Merchandise:Figures & Statues,3000,Used,1,0,,Active,FixedPriceItem,260.74,1,2026-09-04T06:43:27.000Z,https://www.ebay.com/itm/ONE-PIECE-World-Collectable-Figure-Dressrosa-2-Set-6-WCF-BANPRESTO-Japan-/377469729525
784,377469869189,ONE PIECE World Collectable Figure Dressrosa 2 Set of 6 WCF BANPRESTO from Japan,UK,Collectables:Animation Art & Merchandise:Animation Merchandise:Figures & Statues,3000,Used,1,0,,Active,FixedPriceItem,138.78,1,2026-09-04T08:00:49.000Z,https://www.ebay.com/itm/ONE-PIECE-World-Collectable-Figure-Dressrosa-2-Set-6-WCF-BANPRESTO-Japan-/377469869189
784,377469870535,Figurine de collection ONE PIECE World Dressrosa lot de 2 6 WCF BANPRESTO du ...,France,Collections:Autres,3000,Occasion,1,0,,Active,FixedPriceItem,161.78,1,2026-09-04T08:02:08.000Z,https://www.ebay.com/itm/Figurine-collection-ONE-PIECE-World-Dressrosa-lot-2-6-WCF-BANPRESTO-du-/377469870535
784,377469871129,ONE PIECE World Collectable Figure Dressrosa 2 Set di 6 WCF BANPRESTO dal Gia...,Italy,Collezionismo:Personaggi da collezione:Altri personaggi,3000,Usato,1,0,,Active,FixedPriceItem,161.78,1,2026-09-04T08:02:44.000Z,https://www.ebay.com/itm/ONE-PIECE-World-Collectable-Figure-Dressrosa-2-Set-di-6-WCF-BANPRESTO-dal-Gia-/377469871129
784,377469873050,ONE PIECE World Sammelfigur Dressrosa 2 6er Set WCF BANPRESTO aus Japan,Germany,Sammeln & Seltenes:Figuren & Statuen:Aufstellfiguren & Statuen,3000,Gebraucht,1,0,,Active,FixedPriceItem,161.78,1,2026-09-04T08:04:33.000Z,https://www.ebay.com/itm/ONE-PIECE-World-Sammelfigur-Dressrosa-2-6er-Set-WCF-BANPRESTO-aus-Japan-/377469873050
784,377470070894,ONE PIECE World Collectable Figure Dressrosa 2 Set of 6 WCF BANPRESTO from Japan,Australia,Collectables:Animation Art & Merchandise:Animation Merchandise:Figures & Statues,3000,Used,1,0,,Active,FixedPriceItem,262.12,1,2026-09-04T10:03:56.000Z,https://www.ebay.com/itm/ONE-PIECE-World-Collectable-Figure-Dressrosa-2-Set-6-WCF-BANPRESTO-Japan-/377470070894
784,377471023051,ONE PIECE World Collectable Figure Dressrosa 2 Set de 6 WCF BANPRESTO de Japón,Spain,Coleccionismo:Dibujos animados,3000,Usado,1,0,,Active,FixedPriceItem,161.78,1,2026-09-04T18:17:30.000Z,https://www.ebay.com/itm/ONE-PIECE-World-Collectable-Figure-Dressrosa-2-Set-6-WCF-BANPRESTO-Japon-/377471023051
807,377493864280,S.H. Monster Arts Shin Godzilla 2016 2nd & 3rd Figure Used Good Condition,US,Toys & Hobbies:Action Figures & Accessories:Action Figures,3000,Used,1,0,,Active,FixedPriceItem,319.0,1,2026-09-14T04:12:46.000Z,https://www.ebay.com/itm/S-H-Monster-Arts-Shin-Godzilla-2016-2nd-3rd-Figure-Used-Good-Condition-/377493864280
807,377493933889,S.H. Monster Arts Shin Godzilla 2016 2nd & 3rd Figure Used Good Condition,Australia,"Toys & Hobbies:Robots, Space Toys:Space Toys",3000,Used,1,0,,Active,FixedPriceItem,381.82,1,2026-09-14T05:15:44.000Z,https://www.ebay.com/itm/S-H-Monster-Arts-Shin-Godzilla-2016-2nd-3rd-Figure-Used-Good-Condition-/377493933889
807,377493897010,S.H. Monster Arts Shin Godzilla 2016 2nd & 3rd Figure Used Good Condition,Canada,"Toys & Hobbies:Robots, Monsters & Space Toys:Monsters:Godzilla",3000,Used,1,0,,Active,FixedPriceItem,379.81,1,2026-09-14T04:48:09.000Z,https://www.ebay.com/itm/S-H-Monster-Arts-Shin-Godzilla-2016-2nd-3rd-Figure-Used-Good-Condition-/377493897010
807,377493931429,S.H. Monster Arts Shin Godzilla 2016 2nd & 3rd Figure Used Good Condition,UK,Toys & Games:Action Figures & Accessories:Action Figures,3000,Used,1,0,,Active,FixedPriceItem,202.15,1,2026-09-14T05:15:06.000Z,https://www.ebay.com/itm/S-H-Monster-Arts-Shin-Godzilla-2016-2nd-3rd-Figure-Used-Good-Condition-/377493931429
807,377493933771,S.H. Monster Arts Shin Godzilla 2016 2nd & 3rd Figur Gebraucht Guter Zustand,Germany,Spielzeug:Action-Figuren & Zubehör:Action- & Spielfiguren,3000,Gebraucht,1,0,,Active,FixedPriceItem,235.65,1,2026-09-14T05:15:29.000Z,https://www.ebay.com/itm/S-H-Monster-Arts-Shin-Godzilla-2016-2nd-3rd-Figur-Gebraucht-Guter-Zustand-/377493933771
807,377493934001,S.H. Modellino Monster Arts Shin Godzilla 2016 2° e 3° usato buone condizioni,Italy,Giocattoli e modellismo:Personaggi TV e film,3000,Usato,1,0,,Active,FixedPriceItem,235.65,1,2026-09-14T05:15:57.000Z,https://www.ebay.com/itm/S-H-Modellino-Monster-Arts-Shin-Godzilla-2016-2-e-3-usato-buone-condizioni-/377493934001
807,377494016605,S.H. Monster Arts Shin Godzilla 2016 2ª y 3ª Figura Usada Buen Estado,Spain,Juguetes:Juguetes de cine y TV,3000,Usado,1,0,,Active,FixedPriceItem,235.65,1,2026-09-14T06:12:19.000Z,https://www.ebay.com/itm/S-H-Monster-Arts-Shin-Godzilla-2016-2-y-3-Figura-Usada-Buen-Estado-/377494016605
807,377494051630,S.H. Figurine Monster Arts Shin Godzilla 2016 2ème et 3ème occasion bon état,France,"Jouets et jeux:Cinéma, TV: personnages, jouets",3000,Occasion,1,0,,Active,FixedPriceItem,235.65,1,2026-09-14T06:34:42.000Z,https://www.ebay.com/itm/S-H-Figurine-Monster-Arts-Shin-Godzilla-2016-2eme-et-3eme-occasion-bon-etat-/377494051630
846,377445558625,LED ZEPPELIN Definitive BOX Set JAPAN Mini LP SHM-CD x 10 Titles Used Very Good,Australia,Music:CDs,4000,Very good,1,0,,Active,FixedPriceItem,332.74,1,2026-08-25T05:07:31.000Z,https://www.ebay.com/itm/LED-ZEPPELIN-Definitive-BOX-Set-JAPAN-Mini-LP-SHM-CD-x-10-Titles-Used-Very-Good-/377445558625
846,377445525741,LED ZEPPELIN Definitive BOX Set JAPAN Mini LP SHM-CD x 10 Titles Used Very Good,Canada,Music:CDs,4000,Very Good,1,0,,Active,FixedPriceItem,329.14,1,2026-08-25T04:40:23.000Z,https://www.ebay.com/itm/LED-ZEPPELIN-Definitive-BOX-Set-JAPAN-Mini-LP-SHM-CD-x-10-Titles-Used-Very-Good-/377445525741
846,377445561159,LED ZEPPELIN Definitive BOX Set JAPAN Mini LP SHM-CD x 10 Titles Used Very Good,UK,Music:CDs,4000,Very Good,1,0,,Active,FixedPriceItem,174.84,1,2026-08-25T05:09:30.000Z,https://www.ebay.com/itm/LED-ZEPPELIN-Definitive-BOX-Set-JAPAN-Mini-LP-SHM-CD-x-10-Titles-Used-Very-Good-/377445561159
846,377445561474,LED ZEPPELIN Definitive BOX Set JAPAN Mini LP SHM-CD x 10 Titel Gebraucht...,Germany,Musik:CDs,4000,Sehr gut,1,0,,Active,FixedPriceItem,204.23,1,2026-08-25T05:09:52.000Z,https://www.ebay.com/itm/LED-ZEPPELIN-Definitive-BOX-Set-JAPAN-Mini-LP-SHM-CD-x-10-Titel-Gebraucht-/377445561474
846,377445599488,LED ZEPPELIN Definitive BOX Set JAPÓN Mini LP SHM-CD x 10 Títulos Usado Muy...,Spain,"Música, CDs y vinilos:CDs",4000,En muy buen estado,1,0,,Active,FixedPriceItem,204.23,1,2026-08-25T05:30:42.000Z,https://www.ebay.com/itm/LED-ZEPPELIN-Definitive-BOX-Set-JAPoN-Mini-LP-SHM-CD-x-10-Titulos-Usado-Muy-/377445599488
846,377445729377,Coffret LED ZEPPELIN Définitif JAPON Mini LP SHM-CD x 10 Titres Occasion...,France,"Musique, CD, vinyles:CD",4000,Très bon état,1,0,,Active,FixedPriceItem,204.23,1,2026-08-25T06:43:22.000Z,https://www.ebay.com/itm/Coffret-LED-ZEPPELIN-Definitif-JAPON-Mini-LP-SHM-CD-x-10-Titres-Occasion-/377445729377
846,377446086254,LED ZEPPELIN Definitive BOX Set JAPAN Mini LP SHM-CD x 10 titoli usato...,Italy,"Musica, CD e vinili:CD",4000,Ottime condizioni,1,0,,Active,FixedPriceItem,204.23,1,2026-08-25T10:10:03.000Z,https://www.ebay.com/itm/LED-ZEPPELIN-Definitive-BOX-Set-JAPAN-Mini-LP-SHM-CD-x-10-titoli-usato-/377446086254
952,377513818008,YU-GI-OH! Structure Deck Deluxe Set Yugi & Joey Vol.2 KONAMI Used Good Condition,Australia,Toys & Hobbies:Collectable Card Games:CCG Sealed Decks & Kits,3000,Open Box/Used,1,0,,Active,FixedPriceItem,956.34,1,2026-09-21T23:10:18.000Z,https://www.ebay.com/itm/YU-GI-OH-Structure-Deck-Deluxe-Set-Yugi-Joey-Vol-2-KONAMI-Used-Good-Condition-/377513818008
952,377513809146,YU-GI-OH! Structure Deck Deluxe Set Yugi & Joey Vol.2 KONAMI Used Good Condition,US,Toys & Hobbies:Collectible Card Games:CCG Sealed Decks & Kits,3000,Open Box/Used,1,0,,Active,FixedPriceItem,799.0,1,2026-09-21T23:04:42.000Z,https://www.ebay.com/itm/YU-GI-OH-Structure-Deck-Deluxe-Set-Yugi-Joey-Vol-2-KONAMI-Used-Good-Condition-/377513809146
952,377513809829,YU-GI-OH! Structure Deck Deluxe Set Yugi & Joey Vol.2 KONAMI Gebraucht Guter ...,Germany,Sammeln & Seltenes:Sammelkartenspiele/TCGs:TCG OVP Decks & Starter,3000,Geöffnete Box/Gebraucht,1,0,,Active,FixedPriceItem,590.23,1,2026-09-21T23:05:25.000Z,https://www.ebay.com/itm/YU-GI-OH-Structure-Deck-Deluxe-Set-Yugi-Joey-Vol-2-KONAMI-Gebraucht-Guter-/377513809829
952,377513832985,YU-GI-OH! Structure Deck Deluxe Set Yugi & Joey Vol.2 KONAMI Usado Buen Estado,Spain,Coleccionismo:Juegos de cartas coleccionables:Mazos y kits de cartas precintados,3000,Caja abierta/Usado,1,0,,Active,FixedPriceItem,590.23,1,2026-09-21T23:25:11.000Z,https://www.ebay.com/itm/YU-GI-OH-Structure-Deck-Deluxe-Set-Yugi-Joey-Vol-2-KONAMI-Usado-Buen-Estado-/377513832985
952,377513833223,YU-GI-OH! Structure Deck Deluxe Set Yugi & Joey Vol.2 KONAMI Occasion bon état,France,Collections:Jeux de cartes à collectionner:JCC : decks et kits scellés,3000,Occasion/Non-scellé,1,0,,Active,FixedPriceItem,590.23,1,2026-09-21T23:25:39.000Z,https://www.ebay.com/itm/YU-GI-OH-Structure-Deck-Deluxe-Set-Yugi-Joey-Vol-2-KONAMI-Occasion-bon-etat-/377513833223
952,377513879827,YU-GI-OH! Structure Deck Deluxe Set Yugi & Joey Vol.2 KONAMI Usato Buone Cond...,Italy,Collezionismo:Giochi di carte collezionabili:GCC: mazzi sigillati e kit,3000,Non Sigillato/Usato,1,0,,Active,FixedPriceItem,590.23,1,2026-09-22T00:03:51.000Z,https://www.ebay.com/itm/YU-GI-OH-Structure-Deck-Deluxe-Set-Yugi-Joey-Vol-2-KONAMI-Usato-Buone-Cond-/377513879827
952,377513908987,YU-GI-OH! Structure Deck Deluxe Set Yugi & Joey Vol.2 KONAMI Used Good Condition,UK,Collectables:Collectable Card Games:CCG Sealed Decks & Kits,3000,Open Box/Used,1,0,,Active,FixedPriceItem,506.34,1,2026-09-22T00:16:37.000Z,https://www.ebay.com/itm/YU-GI-OH-Structure-Deck-Deluxe-Set-Yugi-Joey-Vol-2-KONAMI-Used-Good-Condition-/377513908987
952,377513914376,YU-GI-OH! Structure Deck Deluxe Set Yugi & Joey Vol.2 KONAMI Used Good Condition,Canada,Toys & Hobbies:Collectible Card Games:CCG Sealed Decks & Kits,3000,Open Box/Used,1,0,,Active,FixedPriceItem,951.3,1,2026-09-22T00:23:13.000Z,https://www.ebay.com/itm/YU-GI-OH-Structure-Deck-Deluxe-Set-Yugi-Joey-Vol-2-KONAMI-Used-Good-Condition-/377513914376
954,377523401146,Weiss Schwarz Kaguya sama KGL/S79-T17SP SP FOIL Vice president Kaguya Used,US,Toys & Hobbies:Collectible Card Games:CCG Individual Cards,4000,Ungraded,1,0,,Active,FixedPriceItem,329.0,1,2026-09-26T01:25:56.000Z,https://www.ebay.com/itm/Weiss-Schwarz-Kaguya-sama-KGL-S79-T17SP-SP-FOIL-Vice-president-Kaguya-Used-/377523401146
954,377533142141,Weiss Schwarz Kaguya sama KGL/S79-T17SP SP FOIL Vice president Kaguya Used,Australia,Toys & Hobbies:Collectable Card Games:CCG Individual Cards,4000,Ungraded,1,0,,Active,FixedPriceItem,382.79,1,2026-09-30T05:53:32.000Z,https://www.ebay.com/itm/Weiss-Schwarz-Kaguya-sama-KGL-S79-T17SP-SP-FOIL-Vice-president-Kaguya-Used-/377533142141
954,377533140526,Weiss Schwarz Kaguya sama KGL/S79-T17SP SP FOIL Vice president Kaguya Used,Canada,Toys & Hobbies:Collectible Card Games:CCG Individual Cards,4000,Ungraded,1,0,,Active,FixedPriceItem,381.49,1,2026-09-30T05:52:08.000Z,https://www.ebay.com/itm/Weiss-Schwarz-Kaguya-sama-KGL-S79-T17SP-SP-FOIL-Vice-president-Kaguya-Used-/377533140526
954,377533056842,Weiss Schwarz Kaguya sama KGL/S79-T17SP SP FOIL Vice president Kaguya Used,UK,Collectables:Collectable Card Games:CCG Individual Cards,4000,Ungraded,1,0,,Active,FixedPriceItem,203.84,1,2026-09-30T05:10:42.000Z,https://www.ebay.com/itm/Weiss-Schwarz-Kaguya-sama-KGL-S79-T17SP-SP-FOIL-Vice-president-Kaguya-Used-/377533056842
954,377533139558,Weiss Schwarz Kaguya sama KGL/S79-T17SP SP FOIL Vice President Kaguya Gebraucht,Germany,Sammeln & Seltenes:Sammelkartenspiele/TCGs:TCG Einzelkarten,4000,Nicht bewertet,1,0,,Active,FixedPriceItem,237.42,1,2026-09-30T05:51:19.000Z,https://www.ebay.com/itm/Weiss-Schwarz-Kaguya-sama-KGL-S79-T17SP-SP-FOIL-Vice-President-Kaguya-Gebraucht-/377533139558
954,377533141063,Weiss Schwarz Kaguya sama KGL/S79-T17SP SP FOIL Vice President Kaguya Usato,Italy,Collezionismo:Giochi di carte collezionabili:GCC: carte singole,4000,Non gradata,1,0,,Active,FixedPriceItem,237.42,1,2026-09-30T05:52:29.000Z,https://www.ebay.com/itm/Weiss-Schwarz-Kaguya-sama-KGL-S79-T17SP-SP-FOIL-Vice-President-Kaguya-Usato-/377533141063
954,377533143650,Blanc Noir Kaguya sama KGL/S79-T17SP SP FOIL Vice President Kaguya Used,France,Collections:Jeux de cartes à collectionner:JCC : cartes à l'unité,4000,Non gradée,1,0,,Active,FixedPriceItem,237.42,1,2026-09-30T05:54:46.000Z,https://www.ebay.com/itm/Blanc-Noir-Kaguya-sama-KGL-S79-T17SP-SP-FOIL-Vice-President-Kaguya-Used-/377533143650
954,377533145700,Blanco Schwarz Kaguya sama KGL/S79-T17SP SP FOIL Vicepresidente Kaguya Usado,Spain,Coleccionismo:Juegos de cartas coleccionables:Cartas sueltas,4000,Sin clasificar,1,0,,Active,FixedPriceItem,237.42,1,2026-09-30T05:56:31.000Z,https://www.ebay.com/itm/Blanco-Schwarz-Kaguya-sama-KGL-S79-T17SP-SP-FOIL-Vicepresidente-Kaguya-Usado-/377533145700
970,377529981161,Square Enix FINAL FANTASY VII Cloud Strife Plush Doll Used Good Condition,US,Collectibles:Animation Art & Merchandise:Animation Merchandise:Plush Items,3000,Used,1,0,,Active,FixedPriceItem,330.0,1,2026-09-29T00:21:57.000Z,https://www.ebay.com/itm/Square-Enix-FINAL-FANTASY-VII-Cloud-Strife-Plush-Doll-Used-Good-Condition-/377529981161
970,377530217285,Square Enix FINAL FANTASY VII Cloud Strife Plush Doll Used Good Condition,Australia,Collectables:Animation Art & Merchandise:Animation Merchandise:Plush Items,3000,Used,1,0,,Active,FixedPriceItem,383.95,1,2026-09-29T02:10:21.000Z,https://www.ebay.com/itm/Square-Enix-FINAL-FANTASY-VII-Cloud-Strife-Plush-Doll-Used-Good-Condition-/377530217285
970,377530158243,Square Enix FINAL FANTASY VII Cloud Strife Plush Doll Used Good Condition,Canada,Collectibles:Animation Art & Merchandise:Animation Merchandise:Plush Items,3000,Used,1,0,,Active,FixedPriceItem,382.65,1,2026-09-29T01:49:15.000Z,https://www.ebay.com/itm/Square-Enix-FINAL-FANTASY-VII-Cloud-Strife-Plush-Doll-Used-Good-Condition-/377530158243
970,377530187620,Square Enix FINAL FANTASY VII Cloud Strife Plush Doll Used Good Condition,UK,Collectables:Animation Art & Merchandise:Animation Merchandise:Plush Items,3000,Used,1,0,,Active,FixedPriceItem,204.46,1,2026-09-29T02:03:22.000Z,https://www.ebay.com/itm/Square-Enix-FINAL-FANTASY-VII-Cloud-Strife-Plush-Doll-Used-Good-Condition-/377530187620
970,377530216813,Muñeco de peluche Square Enix FINAL FANTASY VII Cloud Strife usado buen estado,Spain,Coleccionismo:Dibujos animados,3000,Usado,1,0,,Active,FixedPriceItem,238.14,1,2026-09-29T02:10:13.000Z,https://www.ebay.com/itm/Muneco-peluche-Square-Enix-FINAL-FANTASY-VII-Cloud-Strife-usado-buen-estado-/377530216813
970,377530224407,Peluche pupazzo Square Enix FINAL FANTASY VII Cloud Strife usato buone...,Italy,Collezionismo:Personaggi da collezione:Altri personaggi,3000,Usato,1,0,,Active,FixedPriceItem,238.14,1,2026-09-29T02:12:40.000Z,https://www.ebay.com/itm/Peluche-pupazzo-Square-Enix-FINAL-FANTASY-VII-Cloud-Strife-usato-buone-/377530224407
970,377530226145,Square Enix FINAL FANTASY VII Cloud Strife Plüsch Puppe Gebraucht Guter Zustand,Germany,Sammeln & Seltenes:Animationskunst & Merchandising:Animations Merchandising:Sonstige,3000,Gebraucht,1,0,,Active,FixedPriceItem,238.14,1,2026-09-29T02:12:59.000Z,https://www.ebay.com/itm/Square-Enix-FINAL-FANTASY-VII-Cloud-Strife-Plusch-Puppe-Gebraucht-Guter-Zustand-/377530226145
970,377530229114,Peluche Square Enix FINAL FANTASY VII Cloud Strife occasion bon état,France,Collections:Autres,3000,Occasion,1,0,,Active,FixedPriceItem,238.14,1,2026-09-29T02:13:20.000Z,https://www.ebay.com/itm/Peluche-Square-Enix-FINAL-FANTASY-VII-Cloud-Strife-occasion-bon-etat-/377530229114
049,377487619673,Pokemon Mewtwo Strikes Back Evolution Theme Kaze to Issho CD Limited Japan Used,US,Collectibles:Animation Art & Merchandise:Animation Merchandise:Other Animation Merchandise,3000,Used,2,0,,Active,FixedPriceItem,620.0,1,2026-09-11T02:21:24.000Z,https://www.ebay.com/itm/Pokemon-Mewtwo-Strikes-Back-Evolution-Theme-Kaze-Issho-CD-Limited-Japan-Used-/377487619673
049,377487690396,Pokemon Mewtwo Strikes Back Evolution Theme Kaze to Issho CD Limited Japan Used,Canada,Collectibles:Animation Art & Merchandise:Animation Merchandise:Other Animation Merchandise,3000,Used,2,0,,Active,FixedPriceItem,728.5,1,2026-09-11T03:11:40.000Z,https://www.ebay.com/itm/Pokemon-Mewtwo-Strikes-Back-Evolution-Theme-Kaze-Issho-CD-Limited-Japan-Used-/377487690396
049,377487693140,Pokemon Mewtwo Strikes Back Evolution Theme Kaze to Issho CD Limited Japan Used,France,Collections:Autres,3000,Occasion,2,0,,Active,FixedPriceItem,454.26,1,2026-09-11T03:15:06.000Z,https://www.ebay.com/itm/Pokemon-Mewtwo-Strikes-Back-Evolution-Theme-Kaze-Issho-CD-Limited-Japan-Used-/377487693140
049,377487777447,Pokemon Mewtwo Strikes Back Evolution Theme Kaze to Issho CD Limited Japan Used,Australia,Collectables:Animation Art & Merchandise:Animation Merchandise:Other Animation Merchandise,3000,Used,2,0,,Active,FixedPriceItem,734.76,1,2026-09-11T04:18:02.000Z,https://www.ebay.com/itm/Pokemon-Mewtwo-Strikes-Back-Evolution-Theme-Kaze-Issho-CD-Limited-Japan-Used-/377487777447
049,377487777799,Pokemon Mewtwo Strikes Back Evolution Theme Kaze to Issho CD Limited Japón Usado,Spain,Coleccionismo:Dibujos animados,3000,Usado,2,0,,Active,FixedPriceItem,454.26,1,2026-09-11T04:18:45.000Z,https://www.ebay.com/itm/Pokemon-Mewtwo-Strikes-Back-Evolution-Theme-Kaze-Issho-CD-Limited-Japon-Usado-/377487777799
049,377487778212,Pokemon Mewtwo Strikes Back Evolution Theme Kaze to Issho CD Limited Japan Usato,Italy,Collezionismo:Personaggi da collezione:Altri personaggi,3000,Usato,2,0,,Active,FixedPriceItem,454.26,1,2026-09-11T04:19:22.000Z,https://www.ebay.com/itm/Pokemon-Mewtwo-Strikes-Back-Evolution-Theme-Kaze-Issho-CD-Limited-Japan-Usato-/377487778212
049,377487780033,Pokemon Mewtwo Strikes Back Evolution Theme Kaze to Issho CD Limited Japan Used,UK,Collectables:Animation Art & Merchandise:Animation Merchandise:Other Animation Merchandise,3000,Used,2,0,,Active,FixedPriceItem,389.21,1,2026-09-11T04:21:33.000Z,https://www.ebay.com/itm/Pokemon-Mewtwo-Strikes-Back-Evolution-Theme-Kaze-Issho-CD-Limited-Japan-Used-/377487780033
049,377487780413,Pokemon Mewtwo Strikes Back Evolution Theme Kaze to Issho CD Limited Japan Used,Germany,Sammeln & Seltenes:Animationskunst & Merchandising:Animations Merchandising:Sonstige,3000,Gebraucht,2,0,,Active,FixedPriceItem,454.26,1,2026-09-11T04:22:10.000Z,https://www.ebay.com/itm/Pokemon-Mewtwo-Strikes-Back-Evolution-Theme-Kaze-Issho-CD-Limited-Japan-Used-/377487780413
078,377501214477,S.H. Figuarts Naruto Shippuden Obito Uchiha Hollow Dreams of Despair Figure Used,Australia,Toys & Hobbies:Action Figures & Accessories:Action Figures,3000,Used,2,0,,Active,FixedPriceItem,286.02,1,2026-09-16T23:02:33.000Z,https://www.ebay.com/itm/S-H-Figuarts-Naruto-Shippuden-Obito-Uchiha-Hollow-Dreams-Despair-Figure-Used-/377501214477
078,377501203123,S.H. Figuarts Naruto Shippuden Obito Uchiha Hollow Dreams of Despair Figure Used,US,Toys & Hobbies:Action Figures & Accessories:Action Figures,3000,Used,2,0,,Active,FixedPriceItem,236.0,1,2026-09-16T22:56:20.000Z,https://www.ebay.com/itm/S-H-Figuarts-Naruto-Shippuden-Obito-Uchiha-Hollow-Dreams-Despair-Figure-Used-/377501203123
078,377501204103,S.H. Figuarts Naruto Shippuden Obito Uchiha Hollow Dreams of Despair Figur ge...,Germany,Spielzeug:Action-Figuren & Zubehör:Action- & Spielfiguren,3000,Gebraucht,2,0,,Active,FixedPriceItem,176.31,1,2026-09-16T22:56:47.000Z,https://www.ebay.com/itm/S-H-Figuarts-Naruto-Shippuden-Obito-Uchiha-Hollow-Dreams-Despair-Figur-ge-/377501204103
078,377501206884,S.H. Figurine Figuarts Naruto Shippuden Obito Uchiha Hollow Dreams of Despair...,France,"Jouets et jeux:Figurines, statues:Autres",3000,Occasion,2,0,,Active,FixedPriceItem,176.31,1,2026-09-16T22:59:00.000Z,https://www.ebay.com/itm/S-H-Figurine-Figuarts-Naruto-Shippuden-Obito-Uchiha-Hollow-Dreams-Despair-/377501206884
078,377501226658,S.H. Figuarts Naruto Shippuden Obito Uchiha Hollow Dreams of Despair Figure Used,Canada,Toys & Hobbies:Action Figures & Accessories:Action Figures,3000,Used,2,0,,Active,FixedPriceItem,281.94,1,2026-09-16T23:11:23.000Z,https://www.ebay.com/itm/S-H-Figuarts-Naruto-Shippuden-Obito-Uchiha-Hollow-Dreams-Despair-Figure-Used-/377501226658
078,377501229467,S.H. Figuarts Naruto Shippuden Obito Uchiha Hollow Dreams of Despair Figura u...,Italy,Giocattoli e modellismo:Action figure:Altro action figure,3000,Usato,2,0,,Active,FixedPriceItem,176.31,1,2026-09-16T23:14:52.000Z,https://www.ebay.com/itm/S-H-Figuarts-Naruto-Shippuden-Obito-Uchiha-Hollow-Dreams-Despair-Figura-u-/377501229467
078,377501235227,S.H. Figuarts Naruto Shippuden Obito Uchiha Hollow Dreams of Despair Figure Used,UK,Toys & Games:Action Figures & Accessories:Action Figures,3000,Used,2,0,,Active,FixedPriceItem,150.22,1,2026-09-16T23:18:49.000Z,https://www.ebay.com/itm/S-H-Figuarts-Naruto-Shippuden-Obito-Uchiha-Hollow-Dreams-Despair-Figure-Used-/377501235227
078,377501235410,S.H. Figura usada Figuarts Naruto Shippuden Obito Uchiha Hollow Dreams of Des...,Spain,Juguetes:Figuras de acción:Otros,3000,Usado,2,0,,Active,FixedPriceItem,176.31,1,2026-09-16T23:19:14.000Z,https://www.ebay.com/itm/S-H-Figura-usada-Figuarts-Naruto-Shippuden-Obito-Uchiha-Hollow-Dreams-Des-/377501235410
087,377521044390,Signed Weiss Schwarz Fujimi Fantasia Bunko Kurumi Fdl/W120-083SP SP FOIL,US,Toys & Hobbies:Collectible Card Games:CCG Individual Cards,4000,Ungraded,2,0,,Active,FixedPriceItem,427.0,1,2026-09-25T01:12:55.000Z,https://www.ebay.com/itm/Signed-Weiss-Schwarz-Fujimi-Fantasia-Bunko-Kurumi-Fdl-W120-083SP-SP-FOIL-/377521044390
087,377530208398,Signed Weiss Schwarz Fujimi Fantasia Bunko Kurumi Fdl/W120-083SP SP FOIL,Australia,Toys & Hobbies:Collectable Card Games:CCG Individual Cards,4000,Ungraded,2,0,,Active,FixedPriceItem,496.81,1,2026-09-29T02:08:41.000Z,https://www.ebay.com/itm/Signed-Weiss-Schwarz-Fujimi-Fantasia-Bunko-Kurumi-Fdl-W120-083SP-SP-FOIL-/377530208398
087,377530169859,Signed Weiss Schwarz Fujimi Fantasia Bunko Kurumi Fdl/W120-083SP SP FOIL,Canada,Toys & Hobbies:Collectible Card Games:CCG Individual Cards,4000,Ungraded,2,0,,Active,FixedPriceItem,495.12,1,2026-09-29T01:54:01.000Z,https://www.ebay.com/itm/Signed-Weiss-Schwarz-Fujimi-Fantasia-Bunko-Kurumi-Fdl-W120-083SP-SP-FOIL-/377530169859
087,377530253913,Signé blanc noir Fujimi Fantasia Bunko Kurumi Fdl/W120-083SP SP FOIL,France,Collections:Jeux de cartes à collectionner:JCC : cartes à l'unité,4000,Non gradée,2,0,,Active,FixedPriceItem,308.15,1,2026-09-29T02:19:12.000Z,https://www.ebay.com/itm/Signe-blanc-noir-Fujimi-Fantasia-Bunko-Kurumi-Fdl-W120-083SP-SP-FOIL-/377530253913
087,377530256374,Signiert Weiss Schwarz Fujimi Fantasia Bunko Kurumi Fdl/W120-083SP SP FOIL,Germany,Sammeln & Seltenes:Sammelkartenspiele/TCGs:TCG Einzelkarten,4000,Nicht bewertet,2,0,,Active,FixedPriceItem,308.15,1,2026-09-29T02:19:59.000Z,https://www.ebay.com/itm/Signiert-Weiss-Schwarz-Fujimi-Fantasia-Bunko-Kurumi-Fdl-W120-083SP-SP-FOIL-/377530256374
087,377530257620,Signed Weiss Schwarz Fujimi Fantasia Bunko Kurumi Fdl/W120-083SP SP FOIL,UK,Collectables:Collectable Card Games:CCG Individual Cards,4000,Ungraded,2,0,,Active,FixedPriceItem,264.57,1,2026-09-29T02:21:08.000Z,https://www.ebay.com/itm/Signed-Weiss-Schwarz-Fujimi-Fantasia-Bunko-Kurumi-Fdl-W120-083SP-SP-FOIL-/377530257620
087,377530258676,Firmado Blanco Negro Fujimi Fantasia Bunko Kurumi Fdl/W120-083SP SP FOIL,Spain,Coleccionismo:Juegos de cartas coleccionables:Cartas sueltas,4000,Sin clasificar,2,0,,Active,FixedPriceItem,308.15,1,2026-09-29T02:22:11.000Z,https://www.ebay.com/itm/Firmado-Blanco-Negro-Fujimi-Fantasia-Bunko-Kurumi-Fdl-W120-083SP-SP-FOIL-/377530258676
087,377530314227,Firmato bianco nero Fujimi Fantasia Bunko Kurumi Fdl/W120-083SP SP FOIL,Italy,Collezionismo:Giochi di carte collezionabili:GCC: carte singole,4000,Non gradata,2,0,,Active,FixedPriceItem,308.15,1,2026-09-29T02:47:20.000Z,https://www.ebay.com/itm/Firmato-bianco-nero-Fujimi-Fantasia-Bunko-Kurumi-Fdl-W120-083SP-SP-FOIL-/377530314227
1013,377501879962,S.H.Figuarts Demon Slayer Giyu Tomioka Figure Bandai Spirits Used Box Damaged,US,Collectibles:Animation Art & Merchandise:Animation Merchandise:Figures & Statues,3000,Used,2,0,,Active,FixedPriceItem,196.0,1,2026-09-17T04:47:06.000Z,https://www.ebay.com/itm/S-H-Figuarts-Demon-Slayer-Giyu-Tomioka-Figure-Bandai-Spirits-Used-Box-Damaged-/377501879962
1017,377518977009,Ayano Kaneko Festival Shukusai Vinyl Record LP Limited Edition Used Very Good,US,Music:Vinyl Records,3000,Used,2,0,,Active,FixedPriceItem,347.0,1,2026-09-24T04:35:03.000Z,https://www.ebay.com/itm/Ayano-Kaneko-Festival-Shukusai-Vinyl-Record-LP-Limited-Edition-Used-Very-Good-/377518977009
1070,377501879957,MegaHouse Variable Action Hi-SPEC Nu Asurada AKF-0/G Cyber Formula SIN Used JP,US,Collectibles:Animation Art & Merchandise:Animation Merchandise:Other Animation Merchandise,3000,Used,2,0,,Active,FixedPriceItem,719.0,1,2026-09-17T04:47:06.000Z,https://www.ebay.com/itm/MegaHouse-Variable-Action-Hi-SPEC-Nu-Asurada-AKF-0-G-Cyber-Formula-SIN-Used-JP-/377501879957
1097,377492021917,Persona 3 Portable 25th Anniversary Hamuko Plush Mascot Used No Tag Japan,Australia,Collectables:Animation Art & Merchandise:Animation Merchandise:Other Animation Merchandise,3000,Used,2,0,,Active,FixedPriceItem,221.46,1,2026-09-13T05:09:51.000Z,https://www.ebay.com/itm/Persona-3-Portable-25th-Anniversary-Hamuko-Plush-Mascot-Used-No-Tag-Japan-/377492021917
1097,377491989636,Persona 3 Portable 25th Anniversary Hamuko Plush Mascot Used No Tag Japan,US,Collectibles:Animation Art & Merchandise:Animation Merchandise:Other Animation Merchandise,3000,Used,2,0,,Active,FixedPriceItem,189.0,1,2026-09-13T04:43:28.000Z,https://www.ebay.com/itm/Persona-3-Portable-25th-Anniversary-Hamuko-Plush-Mascot-Used-No-Tag-Japan-/377491989636
1097,377492014003,Mascotte en peluche portable Persona 3 25e anniversaire Hamuko utilisée sans ...,France,Collections:Autres,3000,Occasion,2,0,,Active,FixedPriceItem,136.88,1,2026-09-13T05:01:29.000Z,https://www.ebay.com/itm/Mascotte-peluche-portable-Persona-3-25e-anniversaire-Hamuko-utilisee-sans-/377492014003
1097,377492019489,Persona 3 Portable 25th Anniversary Hamuko Plush Mascot Used No Tag Japan,UK,Collectables:Animation Art & Merchandise:Animation Merchandise:Other Animation Merchandise,3000,Used,2,0,,Active,FixedPriceItem,117.39,1,2026-09-13T05:06:50.000Z,https://www.ebay.com/itm/Persona-3-Portable-25th-Anniversary-Hamuko-Plush-Mascot-Used-No-Tag-Japan-/377492019489
1097,377492019827,Persona 3 Portatile 25° Anniversario Hamuko Peluche Mascotte Usato Senza Etic...,Italy,Collezionismo:Personaggi da collezione:Altri personaggi,3000,Usato,2,0,,Active,FixedPriceItem,136.88,1,2026-09-13T05:07:05.000Z,https://www.ebay.com/itm/Persona-3-Portatile-25-Anniversario-Hamuko-Peluche-Mascotte-Usato-Senza-Etic-/377492019827
1097,377492019978,Persona 3 Portátil 25 Aniversario Hamuko Peluche Mascota Usado Sin Etiqueta J...,Spain,Coleccionismo:Dibujos animados,3000,Usado,2,0,,Active,FixedPriceItem,136.88,1,2026-09-13T05:07:28.000Z,https://www.ebay.com/itm/Persona-3-Portatil-25-Aniversario-Hamuko-Peluche-Mascota-Usado-Sin-Etiqueta-J-/377492019978
1097,377492020078,Persona 3 tragbares Hamuko-Plüschmaskottchen zum 25. Jahrestag gebraucht ohne...,Germany,Sammeln & Seltenes:Animationskunst & Merchandising:Animations Merchandising:Sonstige,3000,Gebraucht,2,0,,Active,FixedPriceItem,136.88,1,2026-09-13T05:07:47.000Z,https://www.ebay.com/itm/Persona-3-tragbares-Hamuko-Pluschmaskottchen-zum-25-Jahrestag-gebraucht-ohne-/377492020078
1097,377492023079,Persona 3 Portable 25th Anniversary Hamuko Plush Mascot Used No Tag Japan,Canada,Collectibles:Animation Art & Merchandise:Animation Merchandise:Other Animation Merchandise,3000,Used,2,0,,Active,FixedPriceItem,220.21,1,2026-09-13T05:10:19.000Z,https://www.ebay.com/itm/Persona-3-Portable-25th-Anniversary-Hamuko-Plush-Mascot-Used-No-Tag-Japan-/377492023079
1141,377527417462,Turn A Gundam Blu-ray Box I II Limited Edition Set Used Very Good Condition,Australia,Movies & TV:DVDs & Blu-ray Discs,4000,Very good,2,0,,Active,FixedPriceItem,424.67,1,2026-09-27T22:38:05.000Z,https://www.ebay.com/itm/Turn-Gundam-Blu-ray-Box-II-Limited-Edition-Set-Used-Very-Good-Condition-/377527417462
1141,377527414189,Turn A Gundam Blu-ray Box I II Limited Edition Set Used Very Good Condition,US,Movies & TV:DVDs & Blu-ray Discs,4000,Very Good,2,0,,Active,FixedPriceItem,365.0,1,2026-09-27T22:34:25.000Z,https://www.ebay.com/itm/Turn-Gundam-Blu-ray-Box-II-Limited-Edition-Set-Used-Very-Good-Condition-/377527414189
1141,377527414633,Turn A Gundam Blu-ray Box I II Limited Edition Set Used Very Good Condition,Canada,Movies & TV:DVDs & Blu-ray Discs,4000,Very Good,2,0,,Active,FixedPriceItem,423.23,1,2026-09-27T22:35:00.000Z,https://www.ebay.com/itm/Turn-Gundam-Blu-ray-Box-II-Limited-Edition-Set-Used-Very-Good-Condition-/377527414633
1141,377527415177,Turn A Gundam Blu-ray Box I II Limited Edition Set Usato Ottime Condizioni,Italy,Film e DVD:DVD e Blu-ray,4000,Ottime condizioni,2,0,,Active,FixedPriceItem,263.4,1,2026-09-27T22:35:45.000Z,https://www.ebay.com/itm/Turn-Gundam-Blu-ray-Box-II-Limited-Edition-Set-Usato-Ottime-Condizioni-/377527415177
1141,377527425818,Turn A Gundam Blu-ray Box I II Limited Edition Set Gebraucht Sehr Guter Zustand,Germany,Filme & Serien:DVDs & Blu-rays,4000,Sehr gut,2,0,,Active,FixedPriceItem,263.4,1,2026-09-27T22:46:04.000Z,https://www.ebay.com/itm/Turn-Gundam-Blu-ray-Box-II-Limited-Edition-Set-Gebraucht-Sehr-Guter-Zustand-/377527425818
1141,377527434547,Turn A Gundam Blu-ray Box I II Edición Limitada Set Usado Muy Buen Estado,Spain,"Cine, DVD y películas:DVD y Blu-ray",4000,En muy buen estado,2,0,,Active,FixedPriceItem,263.4,1,2026-09-27T22:51:22.000Z,https://www.ebay.com/itm/Turn-Gundam-Blu-ray-Box-II-Edicion-Limitada-Set-Usado-Muy-Buen-Estado-/377527434547
1141,377527438528,Turn A Gundam Blu-ray Box I II Limited Edition Set Used Very Good Condition,UK,Films & TV:DVDs & Blu-rays,4000,Very Good,2,0,,Active,FixedPriceItem,226.14,1,2026-09-27T22:54:35.000Z,https://www.ebay.com/itm/Turn-Gundam-Blu-ray-Box-II-Limited-Edition-Set-Used-Very-Good-Condition-/377527438528
1141,377527439018,Set Turn A Gundam Blu-ray Box I II édition limitée occasion très bon état,France,"DVD, cinéma:DVD, Blu-ray",4000,Très bon état,2,0,,Active,FixedPriceItem,263.4,1,2026-09-27T22:55:09.000Z,https://www.ebay.com/itm/Set-Turn-Gundam-Blu-ray-Box-II-edition-limitee-occasion-tres-bon-etat-/377527439018
1179,377493864289,JAY-Z Reasonable Doubt 2LP Analog Vinyl Record Hip Hop Album Used Japan,US,Music:Vinyl Records,3000,Used,2,0,,Active,FixedPriceItem,358.0,1,2026-09-14T04:12:46.000Z,https://www.ebay.com/itm/JAY-Z-Reasonable-Doubt-2LP-Analog-Vinyl-Record-Hip-Hop-Album-Used-Japan-/377493864289
1179,377493897111,JAY-Z Reasonable Doubt 2LP Analog Vinyl Record Hip Hop Album Used Japan,Canada,Music:Vinyl Records,3000,Used,2,0,,Active,FixedPriceItem,417.13,1,2026-09-14T04:48:16.000Z,https://www.ebay.com/itm/JAY-Z-Reasonable-Doubt-2LP-Analog-Vinyl-Record-Hip-Hop-Album-Used-Japan-/377493897111
1179,377493933882,JAY-Z Reasonable Doubt 2LP Analog Vinyl Schallplatte Hip Hop Album gebraucht ...,Germany,Musik:Weitere Formate,5000,Gut,2,0,,Active,FixedPriceItem,259.27,1,2026-09-14T05:15:43.000Z,https://www.ebay.com/itm/JAY-Z-Reasonable-Doubt-2LP-Analog-Vinyl-Schallplatte-Hip-Hop-Album-gebraucht-/377493933882
1179,377494004472,JAY-Z Reasonable Doubt 2LP Analog Vinyl Record Hip Hop Album Used Japan,UK,Music:Other Formats,5000,Good,2,0,,Active,FixedPriceItem,222.36,1,2026-09-14T06:07:18.000Z,https://www.ebay.com/itm/JAY-Z-Reasonable-Doubt-2LP-Analog-Vinyl-Record-Hip-Hop-Album-Used-Japan-/377494004472
1179,377494016589,JAY-Z Reasonable Doubt 2LP Analog Vinyl Record Hip Hop Album Occasion Japon,France,"Musique, CD, vinyles:Vinyles",3000,Occasion,2,0,,Active,FixedPriceItem,259.27,1,2026-09-14T06:12:19.000Z,https://www.ebay.com/itm/JAY-Z-Reasonable-Doubt-2LP-Analog-Vinyl-Record-Hip-Hop-Album-Occasion-Japon-/377494016589
1179,377495374519,JAY-Z Reasonable Doubt 2LP Analog Vinyl Record Hip Hop Album Usado Japón,Spain,"Música, CDs y vinilos:Vinilos",5000,En buen estado,2,0,,Active,FixedPriceItem,258.35,1,2026-09-14T19:17:08.000Z,https://www.ebay.com/itm/JAY-Z-Reasonable-Doubt-2LP-Analog-Vinyl-Record-Hip-Hop-Album-Usado-Japon-/377495374519
1179,377495376309,JAY-Z Reasonable Doubt 2LP disco analogico in vinile album hip hop usato...,Italy,"Musica, CD e vinili:Musicassette:Altro musicassette",5000,Buone condizioni,2,0,,Active,FixedPriceItem,258.35,1,2026-09-14T19:19:40.000Z,https://www.ebay.com/itm/JAY-Z-Reasonable-Doubt-2LP-disco-analogico-vinile-album-hip-hop-usato-/377495376309
1190,377534855644,Good Smile Monogatari Nadeko Sengoku Medusa Ver. 1/8 Figure Used Opened Box,US,Collectibles:Animation Art & Merchandise:Animation Merchandise:Figures & Statues,3000,Used,2,0,,Active,FixedPriceItem,368.0,1,2026-09-30T23:14:51.000Z,https://www.ebay.com/itm/Good-Smile-Monogatari-Nadeko-Sengoku-Medusa-Ver-1-8-Figure-Used-Opened-Box-/377534855644
1190,377534904060,Good Smile Monogatari Nadeko Sengoku Medusa Ver. 1/8 Figure Used Opened Box,Canada,Collectibles:Animation Art & Merchandise:Animation Merchandise:Figures & Statues,3000,Used,2,0,,Active,FixedPriceItem,426.71,1,2026-09-30T23:50:28.000Z,https://www.ebay.com/itm/Good-Smile-Monogatari-Nadeko-Sengoku-Medusa-Ver-1-8-Figure-Used-Opened-Box-/377534904060
1190,377534954557,Good Smile Monogatari Nadeko Sengoku Medusa Ver. 1/8 Figure Used Opened Box,Australia,Collectables:Animation Art & Merchandise:Animation Merchandise:Other Animation Merchandise,3000,Used,2,0,,Active,FixedPriceItem,428.16,1,2026-10-01T00:24:43.000Z,https://www.ebay.com/itm/Good-Smile-Monogatari-Nadeko-Sengoku-Medusa-Ver-1-8-Figure-Used-Opened-Box-/377534954557
1190,377534915611,Good Smile Monogatari Nadeko Sengoku Medusa Ver. 1/8 Figur gebraucht...,Germany,Sammeln & Seltenes:Figuren & Statuen:Aufstellfiguren & Statuen,3000,Gebraucht,2,0,,Active,FixedPriceItem,265.57,1,2026-10-01T00:01:42.000Z,https://www.ebay.com/itm/Good-Smile-Monogatari-Nadeko-Sengoku-Medusa-Ver-1-8-Figur-gebraucht-/377534915611
1190,377534946480,Good Smile Monogatari Nadeko Sengoku Medusa Ver. 1/8 Figure Used Opened Box,UK,Collectables:Animation Art & Merchandise:Animation Merchandise:Figures & Statues,3000,Used,2,0,,Active,FixedPriceItem,228.01,1,2026-10-01T00:17:46.000Z,https://www.ebay.com/itm/Good-Smile-Monogatari-Nadeko-Sengoku-Medusa-Ver-1-8-Figure-Used-Opened-Box-/377534946480
1190,377534951411,Good Smile Monogatari Nadeko Sengoku Medusa Ver. 1/8 Figura Usado Caja Abierta,Spain,Coleccionismo:Dibujos animados,3000,Usado,2,0,,Active,FixedPriceItem,265.57,1,2026-10-01T00:21:45.000Z,https://www.ebay.com/itm/Good-Smile-Monogatari-Nadeko-Sengoku-Medusa-Ver-1-8-Figura-Usado-Caja-Abierta-/377534951411
1190,377534954316,Good Smile Monogatari Nadeko Sengoku Medusa Ver. Figurine 1/8 boîte ouverte...,France,Collections:Autres,3000,Occasion,2,0,,Active,FixedPriceItem,265.57,1,2026-10-01T00:24:35.000Z,https://www.ebay.com/itm/Good-Smile-Monogatari-Nadeko-Sengoku-Medusa-Ver-Figurine-1-8-boite-ouverte-/377534954316
1190,377534984601,Good Smile Monogatari Nadeko Sengoku Medusa Ver. Figurina 1/8 usata scatola...,Italy,Collezionismo:Personaggi da collezione:Altri personaggi,3000,Usato,2,0,,Active,FixedPriceItem,265.57,1,2026-10-01T00:47:48.000Z,https://www.ebay.com/itm/Good-Smile-Monogatari-Nadeko-Sengoku-Medusa-Ver-Figurina-1-8-usata-scatola-/377534984601
1214,377527441982,Weiss Schwarz Re:Zero Emilia Trading Card RZ/S46-T42SP Signed Japsnese Very Good,Australia,Toys & Hobbies:Collectable Card Games:CCG Individual Cards,4000,Ungraded,2,0,,Active,FixedPriceItem,1395.01,1,2026-09-27T22:59:17.000Z,https://www.ebay.com/itm/Weiss-Schwarz-Re-Zero-Emilia-Trading-Card-RZ-S46-T42SP-Signed-Japsnese-Very-Good-/377527441982
1214,377527441633,Weiss Schwarz Re:Zero Emilia Trading Card RZ/S46-T42SP Signed Japsnese Very Good,US,Toys & Hobbies:Collectible Card Games:CCG Individual Cards,4000,Ungraded,2,0,,Active,FixedPriceItem,1199.0,1,2026-09-27T22:58:48.000Z,https://www.ebay.com/itm/Weiss-Schwarz-Re-Zero-Emilia-Trading-Card-RZ-S46-T42SP-Signed-Japsnese-Very-Good-/377527441633
1214,377527451199,Weiss Schwarz Re:Zero Emilia Trading Card RZ/S46-T42SP Signed Japsnese Very Good,Canada,Toys & Hobbies:Collectible Card Games:CCG Individual Cards,4000,Ungraded,2,0,,Active,FixedPriceItem,1390.28,1,2026-09-27T23:07:40.000Z,https://www.ebay.com/itm/Weiss-Schwarz-Re-Zero-Emilia-Trading-Card-RZ-S46-T42SP-Signed-Japsnese-Very-Good-/377527451199
1214,377527442370,Carte à collectionner Weiss Schwarz Re:Zero Emilia RZ/S46-T42SP signée...,France,Collections:Jeux de cartes à collectionner:JCC : cartes à l'unité,4000,Non gradée,2,0,,Active,FixedPriceItem,865.25,1,2026-09-27T22:59:51.000Z,https://www.ebay.com/itm/Carte-a-collectionner-Weiss-Schwarz-Re-Zero-Emilia-RZ-S46-T42SP-signee-/377527442370
1214,377527448798,Weiss Schwarz Re:Zero Emilia Trading Card RZ/S46-T42SP Signed Japsnese Very Good,UK,Collectables:Collectable Card Games:CCG Individual Cards,4000,Ungraded,2,0,,Active,FixedPriceItem,742.88,1,2026-09-27T23:04:58.000Z,https://www.ebay.com/itm/Weiss-Schwarz-Re-Zero-Emilia-Trading-Card-RZ-S46-T42SP-Signed-Japsnese-Very-Good-/377527448798
1214,377527449179,Weiss Schwarz Re:Zero Emilia Trading Card RZ/S46-T42SP Signed Japsnese Very Good,Germany,Sammeln & Seltenes:Sammelkartenspiele/TCGs:TCG Einzelkarten,4000,Nicht bewertet,2,0,,Active,FixedPriceItem,865.25,1,2026-09-27T23:05:22.000Z,https://www.ebay.com/itm/Weiss-Schwarz-Re-Zero-Emilia-Trading-Card-RZ-S46-T42SP-Signed-Japsnese-Very-Good-/377527449179
1214,377527450818,Tarjeta coleccionable Weiss Schwarz Re:Zero Emilia RZ/S46-T42SP firmada...,Spain,Coleccionismo:Juegos de cartas coleccionables:Cartas sueltas,4000,Sin clasificar,2,0,,Active,FixedPriceItem,865.25,1,2026-09-27T23:07:15.000Z,https://www.ebay.com/itm/Tarjeta-coleccionable-Weiss-Schwarz-Re-Zero-Emilia-RZ-S46-T42SP-firmada-/377527450818
1214,377527451884,Weiss Schwarz Re:Zero Emilia Trading Card RZ/S46-T42SP firmata giapponese...,Italy,Collezionismo:Giochi di carte collezionabili:GCC: carte singole,4000,Non gradata,2,0,,Active,FixedPriceItem,865.25,1,2026-09-27T23:08:02.000Z,https://www.ebay.com/itm/Weiss-Schwarz-Re-Zero-Emilia-Trading-Card-RZ-S46-T42SP-firmata-giapponese-/377527451884
1240,377534937956,Bebichicchi Wedding Set Monchhichi Sekiguchi Plush Doll Used Very Good Condition,US,Collectibles:Animation Art & Merchandise:Animation Merchandise:Other Animation Merchandise,3000,Used,2,0,,Active,FixedPriceItem,373.0,1,2026-10-01T00:11:28.000Z,https://www.ebay.com/itm/Bebichicchi-Wedding-Set-Monchhichi-Sekiguchi-Plush-Doll-Used-Very-Good-Condition-/377534937956
1253,377527738334,BABYMETAL Megitsune Single CD TFCC-89042 SU-METAL Japan Used Second Hand,US,Music:CDs,4000,Very Good,2,0,,Active,FixedPriceItem,206.0,1,2026-09-28T02:25:07.000Z,https://www.ebay.com/itm/BABYMETAL-Megitsune-Single-CD-TFCC-89042-SU-METAL-Japan-Used-Second-Hand-/377527738334
1253,377527982643,BABYMETAL Megitsune Single CD TFCC-89042 SU-METAL Japan Used Second Hand,Canada,Music:CDs,4000,Very Good,2,0,,Active,FixedPriceItem,238.86,1,2026-09-28T04:40:44.000Z,https://www.ebay.com/itm/BABYMETAL-Megitsune-Single-CD-TFCC-89042-SU-METAL-Japan-Used-Second-Hand-/377527982643
1253,377528126207,BABYMETAL Megitsune Single CD TFCC-89042 SU-METAL Japan Used Second Hand,Australia,Music:CDs,4000,Very good,2,0,,Active,FixedPriceItem,239.68,1,2026-09-28T06:06:07.000Z,https://www.ebay.com/itm/BABYMETAL-Megitsune-Single-CD-TFCC-89042-SU-METAL-Japan-Used-Second-Hand-/377528126207
1253,377528048567,BABYMETAL Megitsune Single CD TFCC-89042 SU-METAL Japan gebraucht gebraucht...,Germany,Musik:CDs,4000,Sehr gut,2,0,,Active,FixedPriceItem,148.65,1,2026-09-28T05:22:29.000Z,https://www.ebay.com/itm/BABYMETAL-Megitsune-Single-CD-TFCC-89042-SU-METAL-Japan-gebraucht-gebraucht-/377528048567
1253,377528049219,BABYMETAL Megitsune Single CD TFCC-89042 SU-METAL Japon Occasion Occasion,France,"Musique, CD, vinyles:CD",4000,Très bon état,2,0,,Active,FixedPriceItem,148.65,1,2026-09-28T05:23:15.000Z,https://www.ebay.com/itm/BABYMETAL-Megitsune-Single-CD-TFCC-89042-SU-METAL-Japon-Occasion-Occasion-/377528049219
1253,377528049959,BABYMETAL Megitsune Single CD TFCC-89042 SU-METAL Japan Used Second Hand,UK,Music:CDs,4000,Very Good,2,0,,Active,FixedPriceItem,127.64,1,2026-09-28T05:23:41.000Z,https://www.ebay.com/itm/BABYMETAL-Megitsune-Single-CD-TFCC-89042-SU-METAL-Japan-Used-Second-Hand-/377528049959
1253,377528051694,BABYMETAL Megitsune Single CD TFCC-89042 SU-METAL Japón Usado Segunda Mano,Spain,"Música, CDs y vinilos:CDs",4000,En muy buen estado,2,0,,Active,FixedPriceItem,148.65,1,2026-09-28T05:24:40.000Z,https://www.ebay.com/itm/BABYMETAL-Megitsune-Single-CD-TFCC-89042-SU-METAL-Japon-Usado-Segunda-Mano-/377528051694
1253,377528221325,BABYMETAL Megitsune CD singolo TFCC-89042 SU-METAL Giappone usato di...,Italy,"Musica, CD e vinili:CD",4000,Ottime condizioni,2,0,,Active,FixedPriceItem,148.65,1,2026-09-28T07:00:09.000Z,https://www.ebay.com/itm/BABYMETAL-Megitsune-CD-singolo-TFCC-89042-SU-METAL-Giappone-usato-di-/377528221325
127,377469495189,Naoyuki Katoh SF Illustrations Art Works Book Asahi Sonorama Japan Used Sci-Fi,US,Collectibles:Animation Art & Merchandise:Animation Merchandise:Other Animation Merchandise,3000,Used,2,0,,Active,FixedPriceItem,135.0,1,2026-09-04T03:58:29.000Z,https://www.ebay.com/itm/Naoyuki-Katoh-SF-Illustrations-Art-Works-Book-Asahi-Sonorama-Japan-Used-Sci-Fi-/377469495189
127,377469725065,Naoyuki Katoh SF Illustrations Art Works Book Asahi Sonorama Japan Used Sci-Fi,Canada,Collectibles:Animation Art & Merchandise:Animation Merchandise:Other Animation Merchandise,3000,Used,2,0,,Active,FixedPriceItem,160.32,1,2026-09-04T06:39:34.000Z,https://www.ebay.com/itm/Naoyuki-Katoh-SF-Illustrations-Art-Works-Book-Asahi-Sonorama-Japan-Used-Sci-Fi-/377469725065
127,377469858495,Naoyuki Katoh SF Illustrations Art Works Book Asahi Sonorama Japan Used Sci-Fi,Australia,Collectables:Animation Art & Merchandise:Animation Merchandise:Other Animation Merchandise,3000,Used,2,0,,Active,FixedPriceItem,161.73,1,2026-09-04T07:54:56.000Z,https://www.ebay.com/itm/Naoyuki-Katoh-SF-Illustrations-Art-Works-Book-Asahi-Sonorama-Japan-Used-Sci-Fi-/377469858495
127,377469854813,Naoyuki Katoh SF Illustrations Art Works Book Asahi Sonorama Japan Used Sci-Fi,France,Collections:Autres,3000,Occasion,2,0,,Active,FixedPriceItem,99.65,1,2026-09-04T07:52:42.000Z,https://www.ebay.com/itm/Naoyuki-Katoh-SF-Illustrations-Art-Works-Book-Asahi-Sonorama-Japan-Used-Sci-Fi-/377469854813
127,377469856565,Naoyuki Katoh SF Illustrations Art Works Book Asahi Sonorama Japan Used Sci-Fi,UK,Collectables:Animation Art & Merchandise:Animation Merchandise:Other Animation Merchandise,3000,Used,2,0,,Active,FixedPriceItem,85.79,1,2026-09-04T07:53:36.000Z,https://www.ebay.com/itm/Naoyuki-Katoh-SF-Illustrations-Art-Works-Book-Asahi-Sonorama-Japan-Used-Sci-Fi-/377469856565
127,377469857027,Naoyuki Katoh SF Illustrationen Kunstwerke Buch Asahi Sonorama Japan gebrauch...,Germany,Sammeln & Seltenes:Animationskunst & Merchandising:Animations Merchandising:Sonstige,3000,Gebraucht,2,0,,Active,FixedPriceItem,99.65,1,2026-09-04T07:53:58.000Z,https://www.ebay.com/itm/Naoyuki-Katoh-SF-Illustrationen-Kunstwerke-Buch-Asahi-Sonorama-Japan-gebrauch-/377469857027
127,377469860896,Naoyuki Katoh SF Ilustraciones Libro de Obras de Arte Asahi Sonorama Japón Us...,Spain,Coleccionismo:Dibujos animados,3000,Usado,2,0,,Active,FixedPriceItem,99.65,1,2026-09-04T07:56:30.000Z,https://www.ebay.com/itm/Naoyuki-Katoh-SF-Ilustraciones-Libro-Obras-Arte-Asahi-Sonorama-Japon-Us-/377469860896
127,377471102111,Naoyuki Katoh SF Illustrations Art Works Book Asahi Sonorama Japan Usato Fant...,Italy,Collezionismo:Personaggi da collezione:Altri personaggi,3000,Usato,2,0,,Active,FixedPriceItem,99.65,1,2026-09-04T19:12:21.000Z,https://www.ebay.com/itm/Naoyuki-Katoh-SF-Illustrations-Art-Works-Book-Asahi-Sonorama-Japan-Usato-Fant-/377471102111
1273,377527738319,Kaikan Phrase VHS Complete 11 Volume Set with Video Deck Shinjo Mayu Used,US,Movies & TV:VHS Tapes,4000,Very Good,2,0,,Active,FixedPriceItem,553.0,1,2026-09-28T02:25:07.000Z,https://www.ebay.com/itm/Kaikan-Phrase-VHS-Complete-11-Volume-Set-Video-Deck-Shinjo-Mayu-Used-/377527738319
1273,377528051540,Kaikan Phrase VHS Complete 11 Volume Set with Video Deck Shinjo Mayu Used,Australia,Movies & TV:VHS Tapes,4000,Very good,2,0,,Active,FixedPriceItem,643.41,1,2026-09-28T05:24:31.000Z,https://www.ebay.com/itm/Kaikan-Phrase-VHS-Complete-11-Volume-Set-Video-Deck-Shinjo-Mayu-Used-/377528051540
1273,377527982645,Kaikan Phrase VHS Complete 11 Volume Set with Video Deck Shinjo Mayu Used,Canada,Movies & TV:VHS Tapes,4000,Very Good,2,0,,Active,FixedPriceItem,641.22,1,2026-09-28T04:40:44.000Z,https://www.ebay.com/itm/Kaikan-Phrase-VHS-Complete-11-Volume-Set-Video-Deck-Shinjo-Mayu-Used-/377527982645
1273,377528048637,Kaikan Phrase VHS Juego completo de 11 volúmenes con cubierta de video...,Spain,"Cine, DVD y películas:Cintas de VHS",4000,En muy buen estado,2,0,,Active,FixedPriceItem,399.07,1,2026-09-28T05:22:32.000Z,https://www.ebay.com/itm/Kaikan-Phrase-VHS-Juego-completo-11-volumenes-con-cubierta-video-/377528048637
1273,377528049089,Kaikan Phrase VHS Complete 11 Volume Set with Video Deck Shinjo Mayu Used,France,"DVD, cinéma:Cassettes vidéo",4000,Très bon état,2,0,,Active,FixedPriceItem,399.07,1,2026-09-28T05:23:06.000Z,https://www.ebay.com/itm/Kaikan-Phrase-VHS-Complete-11-Volume-Set-Video-Deck-Shinjo-Mayu-Used-/377528049089
1273,377528051146,Kaikan Phrase VHS Complete 11 Volume Set with Video Deck Shinjo Mayu Gebraucht,Germany,Filme & Serien:VHS-Kassetten,4000,Sehr gut,2,0,,Active,FixedPriceItem,399.07,1,2026-09-28T05:24:12.000Z,https://www.ebay.com/itm/Kaikan-Phrase-VHS-Complete-11-Volume-Set-Video-Deck-Shinjo-Mayu-Gebraucht-/377528051146
1273,377528051674,Kaikan Phrase VHS Complete 11 Volume Set with Video Deck Shinjo Mayu Used,UK,Films & TV:VHS Tapes,4000,Very Good,2,0,,Active,FixedPriceItem,342.63,1,2026-09-28T05:24:39.000Z,https://www.ebay.com/itm/Kaikan-Phrase-VHS-Complete-11-Volume-Set-Video-Deck-Shinjo-Mayu-Used-/377528051674
1273,377528051978,Kaikan Phrase VHS set completo di 11 volumi con video deck Shinjo Mayu usato,Italy,Film e DVD:Videocassette e VHS,4000,Ottime condizioni,2,0,,Active,FixedPriceItem,399.07,1,2026-09-28T05:25:02.000Z,https://www.ebay.com/itm/Kaikan-Phrase-VHS-set-completo-di-11-volumi-con-video-deck-Shinjo-Mayu-usato-/377528051978
1316,377487336595,Revolutionary Girl Utena First Edition Blu-ray BOX Complete 2 Volume Set Used,Australia,Movies & TV:DVDs & Blu-ray Discs,4000,Very good,2,0,,Active,FixedPriceItem,441.35,1,2026-09-10T23:09:10.000Z,https://www.ebay.com/itm/Revolutionary-Girl-Utena-First-Edition-Blu-ray-BOX-Complete-2-Volume-Set-Used-/377487336595
1316,377487308183,Revolutionary Girl Utena First Edition Blu-ray BOX Complete 2 Volume Set Used ,US,Movies & TV:DVDs & Blu-ray Discs,4000,Very Good,2,0,,Active,FixedPriceItem,369.0,1,2026-09-10T22:48:11.000Z,https://www.ebay.com/itm/Revolutionary-Girl-Utena-First-Edition-Blu-ray-BOX-Complete-2-Volume-Set-Used-/377487308183
1316,377487312574,Revolutionary Girl Utena First Edition Blu-ray BOX Complete 2 Volume Set Used,Canada,Movies & TV:DVDs & Blu-ray Discs,4000,Very Good,2,0,,Active,FixedPriceItem,438.35,1,2026-09-10T22:51:11.000Z,https://www.ebay.com/itm/Revolutionary-Girl-Utena-First-Edition-Blu-ray-BOX-Complete-2-Volume-Set-Used-/377487312574
1316,377487318194,Revolutionary Girl Utena First Edition Blu-ray BOX Komplett 2 Bände Set Gebra...,Germany,Filme & Serien:DVDs & Blu-rays,4000,Sehr gut,2,0,,Active,FixedPriceItem,272.11,1,2026-09-10T22:55:41.000Z,https://www.ebay.com/itm/Revolutionary-Girl-Utena-First-Edition-Blu-ray-BOX-Komplett-2-Bande-Set-Gebra-/377487318194
1316,377487319108,Revolutionary Girl Utena Primera Edición Blu-ray CAJA Completo 2 Volumen Set ...,Spain,"Cine, DVD y películas:DVD y Blu-ray",4000,En muy buen estado,2,0,,Active,FixedPriceItem,272.11,1,2026-09-10T22:56:19.000Z,https://www.ebay.com/itm/Revolutionary-Girl-Utena-Primera-Edicion-Blu-ray-CAJA-Completo-2-Volumen-Set-/377487319108
1316,377487357565,Revolutionary Girl Utena First Edition Blu-ray BOX Complete 2 Volume Set Used,UK,Films & TV:DVDs & Blu-rays,4000,Very Good,2,0,,Active,FixedPriceItem,233.98,1,2026-09-10T23:22:24.000Z,https://www.ebay.com/itm/Revolutionary-Girl-Utena-First-Edition-Blu-ray-BOX-Complete-2-Volume-Set-Used-/377487357565
1316,377487359238,Revolutionary Girl Utena Prima Edizione Blu-ray BOX Set Completo 2 Volumi Usato,Italy,Film e DVD:DVD e Blu-ray,4000,Ottime condizioni,2,0,,Active,FixedPriceItem,272.11,1,2026-09-10T23:23:16.000Z,https://www.ebay.com/itm/Revolutionary-Girl-Utena-Prima-Edizione-Blu-ray-BOX-Set-Completo-2-Volumi-Usato-/377487359238
1316,377487362470,Revolutionary Girl Utena First Edition Blu-ray BOX set complet de 2 volumes d...,France,"DVD, cinéma:DVD, Blu-ray",4000,Très bon état,2,0,,Active,FixedPriceItem,272.11,1,2026-09-10T23:26:29.000Z,https://www.ebay.com/itm/Revolutionary-Girl-Utena-First-Edition-Blu-ray-BOX-set-complet-2-volumes-d-/377487362470
139,377482651304,Hyte Hoshimachi Suisei Hololive Keycap & Mouse Pad & Tapestry from Japan Limited,US,Computers/Tablets & Networking:Laptop & Desktop Accessories:Mouse Pads & Wrist Rests,3000,Used,2,0,,Active,FixedPriceItem,457.0,1,2026-09-09T02:16:23.000Z,https://www.ebay.com/itm/Hyte-Hoshimachi-Suisei-Hololive-Keycap-Mouse-Pad-Tapestry-Japan-Limited-/377482651304
139,377482854887,Hyte Hoshimachi Suisei Hololive Keycap & Mouse Pad & Tapestry from Japan Limited,Australia,Computers/Tablets & Networking:Laptop & Desktop Accessories:Mouse Pads & Wrist Rests,3000,Used,2,0,,Active,FixedPriceItem,547.46,1,2026-09-09T03:58:42.000Z,https://www.ebay.com/itm/Hyte-Hoshimachi-Suisei-Hololive-Keycap-Mouse-Pad-Tapestry-Japan-Limited-/377482854887
139,377482788790,Hyte Hoshimachi Suisei Hololive Keycap & Mouse Pad & Tapestry from Japan Limited,Canada,Computers/Tablets & Networking:Laptop & Desktop Accessories:Mouse Pads & Wrist Rests,3000,Used,2,0,,Active,FixedPriceItem,542.73,1,2026-09-09T03:17:33.000Z,https://www.ebay.com/itm/Hyte-Hoshimachi-Suisei-Hololive-Keycap-Mouse-Pad-Tapestry-Japan-Limited-/377482788790
139,377482790491,Hyte Hoshimachi Suisei Hololive Keycap & Mouse Pad & Tapestry from Japan Limited,UK,Computers/Tablets & Networking:Laptop & Desktop Accessories:Mouse Mats & Wrist Rests,3000,Used,2,0,,Active,FixedPriceItem,290.4,1,2026-09-09T03:19:11.000Z,https://www.ebay.com/itm/Hyte-Hoshimachi-Suisei-Hololive-Keycap-Mouse-Pad-Tapestry-Japan-Limited-/377482790491
139,377482852502,Hyte Hoshimachi Suisei Hololive Keycap & Mouse Tapestry from Japan Limited,France,"Informatique, réseaux:Accessoires ordinateur:Tapis souris, repose-poignets",3000,Occasion,2,0,,Active,FixedPriceItem,337.33,1,2026-09-09T03:56:33.000Z,https://www.ebay.com/itm/Hyte-Hoshimachi-Suisei-Hololive-Keycap-Mouse-Tapestry-Japan-Limited-/377482852502
139,377482853358,Hyte Hoshimachi Suisei Hololive Keycap & Mouse Pad & Tapestry from Japan Limited,Spain,Informática y tablets:Accesorios para ordenadores:Alfombrillas y reposamuñecas,3000,Usado,2,0,,Active,FixedPriceItem,337.33,1,2026-09-09T03:57:20.000Z,https://www.ebay.com/itm/Hyte-Hoshimachi-Suisei-Hololive-Keycap-Mouse-Pad-Tapestry-Japan-Limited-/377482853358
139,377482863870,Hyte Hoshimachi Suisei Hololive Tastenkappe & Mauspad & Wandteppich aus Japan...,Germany,"Computer, Tablets & Netzwerk:Notebook- & Desktop-Zubehör:Mauspads & Handgelenkauflagen",3000,Gebraucht,2,0,,Active,FixedPriceItem,337.33,1,2026-09-09T04:00:40.000Z,https://www.ebay.com/itm/Hyte-Hoshimachi-Suisei-Hololive-Tastenkappe-Mauspad-Wandteppich-aus-Japan-/377482863870
139,377482866455,Hyte Hoshimachi Suisei Hololive Keycap & Mouse Pad & Tapestry from Japan Limited,Italy,"Informatica:Accessori laptop, portatili e desktop:Mouse pad e supporto polsi",3000,Usato,2,0,,Active,FixedPriceItem,337.33,1,2026-09-09T04:01:50.000Z,https://www.ebay.com/itm/Hyte-Hoshimachi-Suisei-Hololive-Keycap-Mouse-Pad-Tapestry-Japan-Limited-/377482866455
1399,377510142959,Faure Requiem Andre Cluytens ESOTERIC SACD ESSE-90055 JAPAN PRESS Used Good,US,Music:CDs,4000,Very Good,2,0,,Active,FixedPriceItem,208.0,1,2026-09-20T09:37:58.000Z,https://www.ebay.com/itm/Faure-Requiem-Andre-Cluytens-ESOTERIC-SACD-ESSE-90055-JAPAN-PRESS-Used-Good-/377510142959
1399,377519269178,Faure Requiem Andre Cluytens ESOTERIC SACD ESSE-90055 JAPAN PRESS Used Good,Australia,Music:CDs,4000,Very good,2,0,,Active,FixedPriceItem,242.0,1,2026-09-24T07:59:30.000Z,https://www.ebay.com/itm/Faure-Requiem-Andre-Cluytens-ESOTERIC-SACD-ESSE-90055-JAPAN-PRESS-Used-Good-/377519269178
1399,377519201888,Faure Requiem Andre Cluytens ESOTERIC SACD ESSE-90055 JAPAN PRESS Used Good,Canada,Music:CDs,4000,Very Good,2,0,,Active,FixedPriceItem,241.18,1,2026-09-24T07:16:38.000Z,https://www.ebay.com/itm/Faure-Requiem-Andre-Cluytens-ESOTERIC-SACD-ESSE-90055-JAPAN-PRESS-Used-Good-/377519201888
1399,377519264175,Faure Requiem Andre Cluytens ESOTERIC SACD ESSE-90055 JAPAN PRESS Used Good,UK,Music:CDs,4000,Very Good,2,0,,Active,FixedPriceItem,128.87,1,2026-09-24T07:55:11.000Z,https://www.ebay.com/itm/Faure-Requiem-Andre-Cluytens-ESOTERIC-SACD-ESSE-90055-JAPAN-PRESS-Used-Good-/377519264175
1399,377519270343,Faure Requiem Andre Cluytens ESOTERIC SACD ESSE-90055 JAPAN PRESS Occasion...,France,"Musique, CD, vinyles:CD",4000,Très bon état,2,0,,Active,FixedPriceItem,150.1,1,2026-09-24T08:00:13.000Z,https://www.ebay.com/itm/Faure-Requiem-Andre-Cluytens-ESOTERIC-SACD-ESSE-90055-JAPAN-PRESS-Occasion-/377519270343
1399,377519274158,Faure Requiem Andre Cluytens ESOTERIC SACD ESSE-90055 JAPAN PRESS Usado Bueno,Spain,"Música, CDs y vinilos:CDs",4000,En muy buen estado,2,0,,Active,FixedPriceItem,150.1,1,2026-09-24T08:01:35.000Z,https://www.ebay.com/itm/Faure-Requiem-Andre-Cluytens-ESOTERIC-SACD-ESSE-90055-JAPAN-PRESS-Usado-Bueno-/377519274158
1399,377519418016,Faure Requiem Andre Cluytens ESOTERIC SACD ESSE-90055 JAPAN PRESS Gebraucht Gut,Germany,Musik:CDs,4000,Sehr gut,2,0,,Active,FixedPriceItem,150.1,1,2026-09-24T09:35:31.000Z,https://www.ebay.com/itm/Faure-Requiem-Andre-Cluytens-ESOTERIC-SACD-ESSE-90055-JAPAN-PRESS-Gebraucht-Gut-/377519418016
1399,377519560727,Faure Requiem Andre Cluytens ESOTERIC SACD ESSE-90055 JAPAN PRESS usato buono,Italy,"Musica, CD e vinili:CD",4000,Ottime condizioni,2,0,,Active,FixedPriceItem,150.1,1,2026-09-24T10:56:19.000Z,https://www.ebay.com/itm/Faure-Requiem-Andre-Cluytens-ESOTERIC-SACD-ESSE-90055-JAPAN-PRESS-usato-buono-/377519560727
1424,377534855645,KAWAI Mini Grand Piano No.1141 32keys Educational Toy BLACK Used Good Condition,US,"Musical Instruments & Gear:Pianos, Keyboards & Organs:Pianos:Grand & Baby Grand Pianos",3000,Used,2,0,,Active,FixedPriceItem,245.0,1,2026-09-30T23:14:51.000Z,https://www.ebay.com/itm/KAWAI-Mini-Grand-Piano-No-1141-32keys-Educational-Toy-BLACK-Used-Good-Condition-/377534855645
1449,377484043549,Pokemon Time Mawile Kucheat Plush Pokemon Center 2013 Japan Exclusive Rare Used,US,Collectibles:Animation Art & Merchandise:Animation Merchandise:Plush Items,3000,Used,2,0,,Active,FixedPriceItem,309.3,1,2026-09-09T14:24:10.000Z,https://www.ebay.com/itm/Pokemon-Time-Mawile-Kucheat-Plush-Pokemon-Center-2013-Japan-Exclusive-Rare-Used-/377484043549
1449,377484379962,Pokemon Time Mawile Kucheat Plush Pokemon Center 2013 Japan Exclusive Rare Used,Australia,Collectables:Animation Art & Merchandise:Animation Merchandise:Other Animation Merchandise,3000,Used,2,0,,Active,FixedPriceItem,363.88,1,2026-09-09T17:13:57.000Z,https://www.ebay.com/itm/Pokemon-Time-Mawile-Kucheat-Plush-Pokemon-Center-2013-Japan-Exclusive-Rare-Used-/377484379962
1449,377484303077,Pokemon Time Mawile Kucheat Plush Pokemon Center 2013 Japan Exclusive Rare Used,Canada,Collectibles:Animation Art & Merchandise:Animation Merchandise:Plush Items,3000,Used,2,0,,Active,FixedPriceItem,361.19,1,2026-09-09T16:27:22.000Z,https://www.ebay.com/itm/Pokemon-Time-Mawile-Kucheat-Plush-Pokemon-Center-2013-Japan-Exclusive-Rare-Used-/377484303077
1449,377484376311,Pokemon Time Mawile Kucheat Peluche Pokemon Center 2013 Japón Exclusivo Raro ...,Spain,Coleccionismo:Dibujos animados,3000,Usado,2,0,,Active,FixedPriceItem,224.97,1,2026-09-09T17:12:37.000Z,https://www.ebay.com/itm/Pokemon-Time-Mawile-Kucheat-Peluche-Pokemon-Center-2013-Japon-Exclusivo-Raro-/377484376311
1449,377484376564,Pokemon Time Mawile Kucheat Plush Pokemon Center 2013 Japan Exclusive Rare Used,UK,Collectables:Animation Art & Merchandise:Animation Merchandise:Plush Items,3000,Used,2,0,,Active,FixedPriceItem,192.47,1,2026-09-09T17:12:43.000Z,https://www.ebay.com/itm/Pokemon-Time-Mawile-Kucheat-Plush-Pokemon-Center-2013-Japan-Exclusive-Rare-Used-/377484376564
1449,377484377516,Peluche Pokemon Time Mawile Kucheat Pokemon Center 2013 Exclusivité Japon Rar...,France,Collections:Autres,3000,Occasion,2,0,,Active,FixedPriceItem,224.97,1,2026-09-09T17:13:04.000Z,https://www.ebay.com/itm/Peluche-Pokemon-Time-Mawile-Kucheat-Pokemon-Center-2013-Exclusivite-Japon-Rar-/377484377516
1449,377484588724,Pokemon Time Mawile Kucheat Plüsch Pokemon Center 2013 Japan Exclusive Rare Used,Germany,Sammeln & Seltenes:Animationskunst & Merchandising:Animations Merchandising:Sonstige,3000,Gebraucht,2,0,,Active,FixedPriceItem,224.97,1,2026-09-09T19:13:13.000Z,https://www.ebay.com/itm/Pokemon-Time-Mawile-Kucheat-Plusch-Pokemon-Center-2013-Japan-Exclusive-Rare-Used-/377484588724
1449,377484589626,Pokemon Time Mawile Kucheat Peluche Pokemon Center 2013 Giappone Esclusivo Ra...,Italy,Collezionismo:Personaggi da collezione:Altri personaggi,3000,Usato,2,0,,Active,FixedPriceItem,224.97,1,2026-09-09T19:14:14.000Z,https://www.ebay.com/itm/Pokemon-Time-Mawile-Kucheat-Peluche-Pokemon-Center-2013-Giappone-Esclusivo-Ra-/377484589626
1474,377518971924,Weiss Schwarz Darling In The Franxx Zero Two Mysterious Girl FXX/S57-T015SP SP,US,Toys & Hobbies:Collectible Card Games:CCG Individual Cards,4000,Ungraded,2,0,,Active,FixedPriceItem,580.0,1,2026-09-24T04:31:20.000Z,https://www.ebay.com/itm/Weiss-Schwarz-Darling-Franxx-Zero-Two-Mysterious-Girl-FXX-S57-T015SP-SP-/377518971924
1474,377528438210,Weiss Schwarz Darling In The Franxx Zero Two Mysterious Girl FXX/S57-T015SP SP,Australia,Toys & Hobbies:Collectable Card Games:CCG Individual Cards,4000,Ungraded,2,0,,Active,FixedPriceItem,674.82,1,2026-09-28T08:54:23.000Z,https://www.ebay.com/itm/Weiss-Schwarz-Darling-Franxx-Zero-Two-Mysterious-Girl-FXX-S57-T015SP-SP-/377528438210
1474,377528380211,Weiss Schwarz Darling In The Franxx Zero Two Mysterious Girl FXX/S57-T015SP SP,Canada,Toys & Hobbies:Collectible Card Games:CCG Individual Cards,4000,Ungraded,2,0,,Active,FixedPriceItem,672.53,1,2026-09-28T08:16:45.000Z,https://www.ebay.com/itm/Weiss-Schwarz-Darling-Franxx-Zero-Two-Mysterious-Girl-FXX-S57-T015SP-SP-/377528380211
1474,377528438731,Blanc noir Darling In The Franxx Zero Two Mysterious Girl FXX/S57-T015SP SP,France,Collections:Jeux de cartes à collectionner:JCC : cartes à l'unité,4000,Non gradée,2,0,,Active,FixedPriceItem,418.56,1,2026-09-28T08:54:54.000Z,https://www.ebay.com/itm/Blanc-noir-Darling-Franxx-Zero-Two-Mysterious-Girl-FXX-S57-T015SP-SP-/377528438731
1474,377528439399,Weiss Schwarz Darling In The Franxx Zero Two Mysterious Girl FXX/S57-T015SP SP,Italy,Collezionismo:Giochi di carte collezionabili:GCC: carte singole,4000,Non gradata,2,0,,Active,FixedPriceItem,418.56,1,2026-09-28T08:55:33.000Z,https://www.ebay.com/itm/Weiss-Schwarz-Darling-Franxx-Zero-Two-Mysterious-Girl-FXX-S57-T015SP-SP-/377528439399
1474,377528483897,Weiss Schwarz Darling In The Franxx Zero Two Mysterious Girl FXX/S57-T015SP SP,UK,Collectables:Collectable Card Games:CCG Individual Cards,4000,Ungraded,2,0,,Active,FixedPriceItem,359.36,1,2026-09-28T09:23:24.000Z,https://www.ebay.com/itm/Weiss-Schwarz-Darling-Franxx-Zero-Two-Mysterious-Girl-FXX-S57-T015SP-SP-/377528483897
1474,377528655505,Weiss Schwarz Darling In The Franxx Zero Two Mysterious Girl FXX/S57-T015SP SP,Spain,Coleccionismo:Juegos de cartas coleccionables:Cartas sueltas,4000,Sin clasificar,2,0,,Active,FixedPriceItem,418.56,1,2026-09-28T10:54:16.000Z,https://www.ebay.com/itm/Weiss-Schwarz-Darling-Franxx-Zero-Two-Mysterious-Girl-FXX-S57-T015SP-SP-/377528655505
1474,377528826233,Weiss Schwarz Darling In The Franxx Zero Two Mysterious Girl FXX/S57-T015SP SP,Germany,Sammeln & Seltenes:Sammelkartenspiele/TCGs:TCG Einzelkarten,4000,Nicht bewertet,2,0,,Active,FixedPriceItem,418.56,1,2026-09-28T12:11:55.000Z,https://www.ebay.com/itm/Weiss-Schwarz-Darling-Franxx-Zero-Two-Mysterious-Girl-FXX-S57-T015SP-SP-/377528826233
1478,377469499654,Mobile Suit Gundam Arsenal Base 1st Anniversary Special Box Set Bandai Used,US,Collectibles:Animation Art & Merchandise:Animation Merchandise:Other Animation Merchandise,3000,Used,2,0,,Active,FixedPriceItem,186.0,1,2026-09-04T04:01:42.000Z,https://www.ebay.com/itm/Mobile-Suit-Gundam-Arsenal-Base-1st-Anniversary-Special-Box-Set-Bandai-Used-/377469499654
1478,377469729632,Mobile Suit Gundam Arsenal Base 1st Anniversary Special Box Set Bandai Used,Canada,Collectibles:Animation Art & Merchandise:Animation Merchandise:Other Animation Merchandise,3000,Used,2,0,,Active,FixedPriceItem,216.72,1,2026-09-04T06:43:33.000Z,https://www.ebay.com/itm/Mobile-Suit-Gundam-Arsenal-Base-1st-Anniversary-Special-Box-Set-Bandai-Used-/377469729632
1478,377469871606,Mobile Suit Gundam Arsenal Base 1st Anniversary Special Box Set Bandai Used,Australia,Collectables:Animation Art & Merchandise:Animation Merchandise:Other Animation Merchandise,3000,Used,2,0,,Active,FixedPriceItem,217.94,1,2026-09-04T08:03:10.000Z,https://www.ebay.com/itm/Mobile-Suit-Gundam-Arsenal-Base-1st-Anniversary-Special-Box-Set-Bandai-Used-/377469871606
1478,377469869843,Mobile Suit Gundam Arsenal Base 1st Anniversary Special Box Set Bandai Gebraucht,Germany,Sammeln & Seltenes:Animationskunst & Merchandising:Animations Merchandising:Sonstige,3000,Gebraucht,2,0,,Active,FixedPriceItem,134.7,1,2026-09-04T08:01:23.000Z,https://www.ebay.com/itm/Mobile-Suit-Gundam-Arsenal-Base-1st-Anniversary-Special-Box-Set-Bandai-Gebraucht-/377469869843
1478,377469873176,Mobile Suit Gundam Arsenal Base 1st Anniversary Special Box Set Bandai Usado,Spain,Coleccionismo:Dibujos animados,3000,Usado,2,0,,Active,FixedPriceItem,134.7,1,2026-09-04T08:04:42.000Z,https://www.ebay.com/itm/Mobile-Suit-Gundam-Arsenal-Base-1st-Anniversary-Special-Box-Set-Bandai-Usado-/377469873176
1478,377470990010,Coffret spécial Mobile Suit Gundam Arsenal Base 1st Anniversary Bandai d'occa...,France,Collections:Autres,3000,Occasion,2,0,,Active,FixedPriceItem,134.7,1,2026-09-04T17:59:47.000Z,https://www.ebay.com/itm/Coffret-special-Mobile-Suit-Gundam-Arsenal-Base-1st-Anniversary-Bandai-docca-/377470990010
1478,377471029510,Mobile Suit Gundam Arsenal Base 1st Anniversary Special Box Set Bandai Used,UK,Collectables:Animation Art & Merchandise:Animation Merchandise:Other Animation Merchandise,3000,Used,2,0,,Active,FixedPriceItem,115.53,1,2026-09-04T18:24:02.000Z,https://www.ebay.com/itm/Mobile-Suit-Gundam-Arsenal-Base-1st-Anniversary-Special-Box-Set-Bandai-Used-/377471029510
1478,377471046966,Mobile Suit Gundam Arsenal Base 1st Anniversary Special Box Set Bandai usato,Italy,Collezionismo:Personaggi da collezione:Altri personaggi,3000,Usato,2,0,,Active,FixedPriceItem,134.7,1,2026-09-04T18:32:37.000Z,https://www.ebay.com/itm/Mobile-Suit-Gundam-Arsenal-Base-1st-Anniversary-Special-Box-Set-Bandai-usato-/377471046966
1489,377485507093,Nitro+CHiRAL Official Works Slow Damage Works Book 2021 Rare Used Near Mint,US,Collectibles:Animation Art & Merchandise:Animation Merchandise:Other Animation Merchandise,3000,Used,2,0,,Active,FixedPriceItem,300.0,1,2026-09-10T04:45:59.000Z,https://www.ebay.com/itm/Nitro-CHiRAL-Official-Works-Slow-Damage-Works-Book-2021-Rare-Used-Near-Mint-/377485507093
1489,377485673786,Nitro+CHiRAL Official Works Slow Damage Works Book 2021 Rare Used Near Mint,Canada,Collectibles:Animation Art & Merchandise:Animation Merchandise:Other Animation Merchandise,3000,Used,2,0,,Active,FixedPriceItem,356.38,1,2026-09-10T06:35:20.000Z,https://www.ebay.com/itm/Nitro-CHiRAL-Official-Works-Slow-Damage-Works-Book-2021-Rare-Used-Near-Mint-/377485673786
1489,377485702616,Nitro+CHiRAL Official Works Slow Damage Works Book 2021 Rare Used Near Mint,UK,Collectables:Animation Art & Merchandise:Animation Merchandise:Other Animation Merchandise,3000,Used,2,0,,Active,FixedPriceItem,190.23,1,2026-09-10T06:56:32.000Z,https://www.ebay.com/itm/Nitro-CHiRAL-Official-Works-Slow-Damage-Works-Book-2021-Rare-Used-Near-Mint-/377485702616
1489,377485727614,Nitro+CHiRAL Official Works Slow Damage Works Book 2021 Rare Used Near Mint,Germany,Sammeln & Seltenes:Animationskunst & Merchandising:Animations Merchandising:Sonstige,3000,Gebraucht,2,0,,Active,FixedPriceItem,221.23,1,2026-09-10T07:13:04.000Z,https://www.ebay.com/itm/Nitro-CHiRAL-Official-Works-Slow-Damage-Works-Book-2021-Rare-Used-Near-Mint-/377485727614
1489,377485728346,Nitro+CHiRAL Official Works Slow Damage Works Book 2021 Rare Used Near Mint,France,Collections:Autres,3000,Occasion,2,0,,Active,FixedPriceItem,221.23,1,2026-09-10T07:14:02.000Z,https://www.ebay.com/itm/Nitro-CHiRAL-Official-Works-Slow-Damage-Works-Book-2021-Rare-Used-Near-Mint-/377485728346
1489,377486076463,Nitro+CHiRAL Official Works Slow Damage Works Book 2021 Rare Used Near Mint,Australia,Collectables:Animation Art & Merchandise:Animation Merchandise:Other Animation Merchandise,3000,Used,2,0,,Active,FixedPriceItem,358.82,1,2026-09-10T09:55:49.000Z,https://www.ebay.com/itm/Nitro-CHiRAL-Official-Works-Slow-Damage-Works-Book-2021-Rare-Used-Near-Mint-/377486076463
1489,377486076324,Nitro+CHiRAL Official Works Slow Damage Works Book 2021 Raro Usato Near Mint,Italy,Collezionismo:Personaggi da collezione:Altri personaggi,3000,Usato,2,0,,Active,FixedPriceItem,221.23,1,2026-09-10T09:55:42.000Z,https://www.ebay.com/itm/Nitro-CHiRAL-Official-Works-Slow-Damage-Works-Book-2021-Raro-Usato-Near-Mint-/377486076324
1489,377486227993,Nitro+CHiRAL Official Works Slow Damage Works Book 2021 Raro Usado Casi Como ...,Spain,Coleccionismo:Dibujos animados,3000,Usado,2,0,,Active,FixedPriceItem,221.23,1,2026-09-10T11:10:42.000Z,https://www.ebay.com/itm/Nitro-CHiRAL-Official-Works-Slow-Damage-Works-Book-2021-Raro-Usado-Casi-Como-/377486227993
1507,377526871374,Kazumasa Nagai Poster Museum Japanese Graphic Design Art Book Unread Like New,US,Books & Magazines:Books,2750,Like New,2,0,,Active,FixedPriceItem,224.0,1,2026-09-27T16:11:30.000Z,https://www.ebay.com/itm/Kazumasa-Nagai-Poster-Museum-Japanese-Graphic-Design-Art-Book-Unread-Like-New-/377526871374
1507,377526990534,Kazumasa Nagai Poster Museum Japanese Graphic Design Art Book Unread Like New,Australia,"Books, Comics & Magazines:Books",2750,Like new,2,0,,Active,FixedPriceItem,260.62,1,2026-09-27T17:32:17.000Z,https://www.ebay.com/itm/Kazumasa-Nagai-Poster-Museum-Japanese-Graphic-Design-Art-Book-Unread-Like-New-/377526990534
1507,377526955777,Kazumasa Nagai Poster Museum Japanese Graphic Design Art Book Unread Like New,Canada,Books & Magazines:Books,2750,Like New,2,0,,Active,FixedPriceItem,259.74,1,2026-09-27T17:12:39.000Z,https://www.ebay.com/itm/Kazumasa-Nagai-Poster-Museum-Japanese-Graphic-Design-Art-Book-Unread-Like-New-/377526955777
1507,377526916616,Kazumasa Nagai Poster Museum Japanese Graphic Design Art Book Unread Like New,UK,"Books, Comics & Magazines:Books",2750,Like New,2,0,,Active,FixedPriceItem,138.78,1,2026-09-27T16:44:31.000Z,https://www.ebay.com/itm/Kazumasa-Nagai-Poster-Museum-Japanese-Graphic-Design-Art-Book-Unread-Like-New-/377526916616
1507,377526948306,Kazumasa Nagai Poster Museum Japanese Graphic Design Art Book non letto...,Italy,Libri e riviste:Altro libri e riviste,2750,Come Nuovo,2,0,,Active,FixedPriceItem,161.65,1,2026-09-27T17:07:32.000Z,https://www.ebay.com/itm/Kazumasa-Nagai-Poster-Museum-Japanese-Graphic-Design-Art-Book-non-letto-/377526948306
1507,377526949824,Kazumasa Nagai Poster Museum Japonés Diseño Gráfico Libro de Arte Sin Leer...,Spain,"Libros, revistas y cómics:Otros",2750,Como nuevo,2,0,,Active,FixedPriceItem,161.65,1,2026-09-27T17:08:52.000Z,https://www.ebay.com/itm/Kazumasa-Nagai-Poster-Museum-Japones-Diseno-Grafico-Libro-Arte-Sin-Leer-/377526949824
1507,377526990824,Kazumasa Nagai Poster Museum Japanisches Grafikdesign Kunst Buch Ungelesen...,Germany,Bücher & Zeitschriften:Bücher,2750,Neuwertig,2,0,,Active,FixedPriceItem,161.65,1,2026-09-27T17:32:33.000Z,https://www.ebay.com/itm/Kazumasa-Nagai-Poster-Museum-Japanisches-Grafikdesign-Kunst-Buch-Ungelesen-/377526990824
1507,377526999213,Kazumasa Nagai Poster Museum Japanese Graphic Design Art Book non lu comme neuf,France,"Livres, BD, revues:Autres",2750,Comme neuf,2,0,,Active,FixedPriceItem,161.65,1,2026-09-27T17:38:41.000Z,https://www.ebay.com/itm/Kazumasa-Nagai-Poster-Museum-Japanese-Graphic-Design-Art-Book-non-lu-comme-neuf-/377526999213
1595,377469499649,Depeche Mode Music For The Masses UK Original Pressing Mute Vinyl LP Record Used,US,Music:Vinyl Records,3000,Used,2,0,,Active,FixedPriceItem,305.0,1,2026-09-04T04:01:42.000Z,https://www.ebay.com/itm/Depeche-Mode-Music-Masses-UK-Original-Pressing-Mute-Vinyl-LP-Record-Used-/377469499649
1595,377469729383,Depeche Mode Music For The Masses UK Original Pressing Mute Vinyl LP Record Used,Canada,Music:Vinyl Records,3000,Used,2,0,,Active,FixedPriceItem,362.32,1,2026-09-04T06:43:15.000Z,https://www.ebay.com/itm/Depeche-Mode-Music-Masses-UK-Original-Pressing-Mute-Vinyl-LP-Record-Used-/377469729383
1595,377469872302,Depeche Mode Music For The Masses UK Original Pressing Mute Vinyl LP Record Used,Australia,Music:Other Formats,5000,Good,2,0,,Active,FixedPriceItem,364.8,1,2026-09-04T08:03:57.000Z,https://www.ebay.com/itm/Depeche-Mode-Music-Masses-UK-Original-Pressing-Mute-Vinyl-LP-Record-Used-/377469872302
1595,377469868982,Depeche Mode Musik für die Massen UK Original Pressing Mute Vinyl LP Schallpl...,Germany,Musik:Weitere Formate,5000,Gut,2,0,,Active,FixedPriceItem,224.92,1,2026-09-04T08:00:38.000Z,https://www.ebay.com/itm/Depeche-Mode-Musik-fur-die-Massen-UK-Original-Pressing-Mute-Vinyl-LP-Schallpl-/377469868982
1595,377469869574,Depeche Mode Music For The Masses UK Original Pressing Mute Vinyl LP Record Used,UK,Music:Other Formats,5000,Good,2,0,,Active,FixedPriceItem,193.4,1,2026-09-04T08:01:11.000Z,https://www.ebay.com/itm/Depeche-Mode-Music-Masses-UK-Original-Pressing-Mute-Vinyl-LP-Record-Used-/377469869574
1595,377469870108,Depeche Mode Music For The Masses UK Original Pressing Mute Vinyl LP Record u...,Italy,"Musica, CD e vinili:Musicassette:Altro musicassette",5000,Buone condizioni,2,0,,Active,FixedPriceItem,224.92,1,2026-09-04T08:01:38.000Z,https://www.ebay.com/itm/Depeche-Mode-Music-Masses-UK-Original-Pressing-Mute-Vinyl-LP-Record-u-/377469870108
1595,377469872853,Depeche Mode Music For The Masses UK Original Pressing Mute Vinyl LP Record U...,Spain,"Música, CDs y vinilos:Vinilos",5000,En buen estado,2,0,,Active,FixedPriceItem,224.92,1,2026-09-04T08:04:27.000Z,https://www.ebay.com/itm/Depeche-Mode-Music-Masses-UK-Original-Pressing-Mute-Vinyl-LP-Record-U-/377469872853
1595,377470070791,Depeche Mode Music For The Masses UK Original Pressing Mute Vinyl LP Record Used,France,"Musique, CD, vinyles:Vinyles",3000,Occasion,2,0,,Active,FixedPriceItem,224.92,1,2026-09-04T10:03:53.000Z,https://www.ebay.com/itm/Depeche-Mode-Music-Masses-UK-Original-Pressing-Mute-Vinyl-LP-Record-Used-/377470070791
1613,377477792315,Hazbin Hotel Trading Cards Gravity PR-16 Promo Unused from Japan,US,Collectibles:Non-Sport Trading Cards:Trading Card Singles,4000,Ungraded,2,0,,Active,FixedPriceItem,489.0,1,2026-09-07T03:09:46.000Z,https://www.ebay.com/itm/Hazbin-Hotel-Trading-Cards-Gravity-PR-16-Promo-Unused-Japan-/377477792315
1613,377477971537,Hazbin Hotel Trading Cards Gravity PR-16 Promo Unused from Japan,Australia,Collectables:Non-Sport Trading Cards:Trading Card Singles,4000,Ungraded,2,0,,Active,FixedPriceItem,571.04,1,2026-09-07T04:25:36.000Z,https://www.ebay.com/itm/Hazbin-Hotel-Trading-Cards-Gravity-PR-16-Promo-Unused-Japan-/377477971537
1613,377477884028,Hazbin Hotel Trading Cards Gravity PR-16 Promo Unused from Japan,UK,Collectables:Non-Sport Trading Cards:Trading Card Singles,4000,Ungraded,2,0,,Active,FixedPriceItem,302.28,1,2026-09-07T03:47:55.000Z,https://www.ebay.com/itm/Hazbin-Hotel-Trading-Cards-Gravity-PR-16-Promo-Unused-Japan-/377477884028
1613,377477949370,Hazbin Hotel Trading Cards Gravity PR-16 Promo Sin Usar de Japón,Spain,Coleccionismo:Cromos:Cromos no deportivos:Cromos sueltos,4000,Sin clasificar,2,0,,Active,FixedPriceItem,353.5,1,2026-09-07T04:12:05.000Z,https://www.ebay.com/itm/Hazbin-Hotel-Trading-Cards-Gravity-PR-16-Promo-Sin-Usar-Japon-/377477949370
1613,377477950060,Hazbin Hotel Trading Cards Gravity PR-16 Promo Unused from Japan,Canada,Collectibles:Non-Sport Trading Cards:Trading Card Singles,4000,Ungraded,2,0,,Active,FixedPriceItem,568.41,1,2026-09-07T04:12:21.000Z,https://www.ebay.com/itm/Hazbin-Hotel-Trading-Cards-Gravity-PR-16-Promo-Unused-Japan-/377477950060
1613,377477951772,Hazbin Hotel Trading Cards Gravity PR-16 Promo unbenutzt aus Japan,Germany,Sammeln & Seltenes:Trading Cards:Non-Sport Trading Cards:Trading Card Einzelkarten,4000,Nicht bewertet,2,0,,Active,FixedPriceItem,353.5,1,2026-09-07T04:12:50.000Z,https://www.ebay.com/itm/Hazbin-Hotel-Trading-Cards-Gravity-PR-16-Promo-unbenutzt-aus-Japan-/377477951772
1613,377478174159,Cartes à collectionner Hazbin Hotel Gravity PR-16 promo inutilisées du Japon,France,Collections:Cartes de collection:Cartes à collectionner non sportives:Cartes à l'unité,4000,Non gradée,2,0,,Active,FixedPriceItem,353.5,1,2026-09-07T06:21:49.000Z,https://www.ebay.com/itm/Cartes-a-collectionner-Hazbin-Hotel-Gravity-PR-16-promo-inutilisees-du-Japon-/377478174159
1613,377478335515,Carte collezionabili Hazbin Hotel Gravity PR-16 promo inutilizzate dal Giappone,Italy,"Collezionismo:Carte collezionabili non sportive, figurine:Carte: singole",4000,Non gradata,2,0,,Active,FixedPriceItem,353.5,1,2026-09-07T08:00:54.000Z,https://www.ebay.com/itm/Carte-collezionabili-Hazbin-Hotel-Gravity-PR-16-promo-inutilizzate-dal-Giappone-/377478335515
1614,377477792328,Hazbin Hotel Season 2 Trading Cards 28/60 MAN'S BEST FRIEND Unused,US,Collectibles:Non-Sport Trading Cards:Trading Card Singles,4000,Ungraded,2,0,,Active,FixedPriceItem,410.0,1,2026-09-07T03:09:46.000Z,https://www.ebay.com/itm/Hazbin-Hotel-Season-2-Trading-Cards-28-60-MANS-BEST-FRIEND-Unused-/377477792328
1614,377477947602,Hazbin Hotel Season 2 Trading Cards 28/60 MAN'S BEST FRIEND Unused,Australia,Collectables:Non-Sport Trading Cards:Trading Card Singles,4000,Ungraded,2,0,,Active,FixedPriceItem,478.78,1,2026-09-07T04:11:49.000Z,https://www.ebay.com/itm/Hazbin-Hotel-Season-2-Trading-Cards-28-60-MANS-BEST-FRIEND-Unused-/377477947602
1614,377477883709,Hazbin Hotel Season 2 Trading Cards 28/60 MAN'S BEST FRIEND Unused,Canada,Collectibles:Non-Sport Trading Cards:Trading Card Singles,4000,Ungraded,2,0,,Active,FixedPriceItem,476.58,1,2026-09-07T03:47:51.000Z,https://www.ebay.com/itm/Hazbin-Hotel-Season-2-Trading-Cards-28-60-MANS-BEST-FRIEND-Unused-/377477883709
1614,377477949995,Carte collezionabili Hazbin Hotel stagione 2 28/60 MAN'S BEST FRIEND...,Italy,"Collezionismo:Carte collezionabili non sportive, figurine:Carte: singole",4000,Non gradata,2,0,,Active,FixedPriceItem,296.39,1,2026-09-07T04:12:20.000Z,https://www.ebay.com/itm/Carte-collezionabili-Hazbin-Hotel-stagione-2-28-60-MANS-BEST-FRIEND-/377477949995
1614,377477952929,Hazbin Hotel Temporada 2 Tarjetas Coleccionables 28/60 MAN'S BEST FRIEND...,Spain,Coleccionismo:Cromos:Cromos no deportivos:Cromos sueltos,4000,Sin clasificar,2,0,,Active,FixedPriceItem,296.39,1,2026-09-07T04:13:17.000Z,https://www.ebay.com/itm/Hazbin-Hotel-Temporada-2-Tarjetas-Coleccionables-28-60-MANS-BEST-FRIEND-/377477952929
1614,377477955176,Cartes à collectionner Hazbin Hotel saison 2 28/60 MAN'S BEST FRIEND...,France,Collections:Cartes de collection:Cartes à collectionner non sportives:Cartes à l'unité,4000,Non gradée,2,0,,Active,FixedPriceItem,296.39,1,2026-09-07T04:14:11.000Z,https://www.ebay.com/itm/Cartes-a-collectionner-Hazbin-Hotel-saison-2-28-60-MANS-BEST-FRIEND-/377477955176
1614,377477971882,Hazbin Hotel Season 2 Trading Cards 28/60 MAN'S BEST FRIEND unbenutzt,Germany,Sammeln & Seltenes:Trading Cards:Non-Sport Trading Cards:Trading Card Einzelkarten,4000,Nicht bewertet,2,0,,Active,FixedPriceItem,296.39,1,2026-09-07T04:25:54.000Z,https://www.ebay.com/itm/Hazbin-Hotel-Season-2-Trading-Cards-28-60-MANS-BEST-FRIEND-unbenutzt-/377477971882
1614,377478172835,Hazbin Hotel Season 2 Trading Cards 28/60 MAN'S BEST FRIEND Unused,UK,Collectables:Non-Sport Trading Cards:Trading Card Singles,4000,Ungraded,2,0,,Active,FixedPriceItem,253.44,1,2026-09-07T06:21:25.000Z,https://www.ebay.com/itm/Hazbin-Hotel-Season-2-Trading-Cards-28-60-MANS-BEST-FRIEND-Unused-/377478172835
1615,377477792301,Hazbin Hotel Season 2 Trading Cards 23/50 HUSK Foil HOLO Unused Rare from Japan,US,Collectibles:Non-Sport Trading Cards:Trading Card Singles,4000,Ungraded,2,0,,Active,FixedPriceItem,535.0,1,2026-09-07T03:09:46.000Z,https://www.ebay.com/itm/Hazbin-Hotel-Season-2-Trading-Cards-23-50-HUSK-Foil-HOLO-Unused-Rare-Japan-/377477792301
1615,377477949444,Hazbin Hotel Season 2 Trading Cards 23/50 HUSK Foil HOLO Unused Rare from Japan,Australia,Collectables:Non-Sport Trading Cards:Trading Card Singles,4000,Ungraded,2,0,,Active,FixedPriceItem,624.76,1,2026-09-07T04:12:07.000Z,https://www.ebay.com/itm/Hazbin-Hotel-Season-2-Trading-Cards-23-50-HUSK-Foil-HOLO-Unused-Rare-Japan-/377477949444
1615,377477884141,Hazbin Hotel Season 2 Trading Cards 23/50 HUSK Foil HOLO Unused Rare from Japan,Canada,Collectibles:Non-Sport Trading Cards:Trading Card Singles,4000,Ungraded,2,0,,Active,FixedPriceItem,621.88,1,2026-09-07T03:47:56.000Z,https://www.ebay.com/itm/Hazbin-Hotel-Season-2-Trading-Cards-23-50-HUSK-Foil-HOLO-Unused-Rare-Japan-/377477884141
1615,377477947545,Hazbin Hotel Season 2 Trading Cards 23/50 HUSK Foil HOLO Unused Rare from Japan,UK,Collectables:Non-Sport Trading Cards:Trading Card Singles,4000,Ungraded,2,0,,Active,FixedPriceItem,330.72,1,2026-09-07T04:11:49.000Z,https://www.ebay.com/itm/Hazbin-Hotel-Season-2-Trading-Cards-23-50-HUSK-Foil-HOLO-Unused-Rare-Japan-/377477947545
1615,377477953050,Hazbin Hotel Season 2 Trading Cards 23/50 HUSK Foil HOLO unbenutzt selten...,Germany,Sammeln & Seltenes:Trading Cards:Non-Sport Trading Cards:Trading Card Einzelkarten,4000,Nicht bewertet,2,0,,Active,FixedPriceItem,386.75,1,2026-09-07T04:13:21.000Z,https://www.ebay.com/itm/Hazbin-Hotel-Season-2-Trading-Cards-23-50-HUSK-Foil-HOLO-unbenutzt-selten-/377477953050
1615,377477955170,Cartes à collectionner Hazbin Hotel Saison 2 23/50 HUSK Foil HOLO...,France,Collections:Cartes de collection:Cartes à collectionner non sportives:Cartes à l'unité,4000,Non gradée,2,0,,Active,FixedPriceItem,386.75,1,2026-09-07T04:14:11.000Z,https://www.ebay.com/itm/Cartes-a-collectionner-Hazbin-Hotel-Saison-2-23-50-HUSK-Foil-HOLO-/377477955170
1615,377477971729,Carte collezionabili Hazbin Hotel stagione 2 23/50 HUSK Foil HOLO...,Italy,"Collezionismo:Carte collezionabili non sportive, figurine:Carte: singole",4000,Non gradata,2,0,,Active,FixedPriceItem,386.75,1,2026-09-07T04:25:50.000Z,https://www.ebay.com/itm/Carte-collezionabili-Hazbin-Hotel-stagione-2-23-50-HUSK-Foil-HOLO-/377477971729
1615,377478174700,Hazbin Hotel Temporada 2 Tarjetas Coleccionables 23/50 HUSK Foil HOLO Sin...,Spain,Coleccionismo:Cromos:Cromos no deportivos:Cromos sueltos,4000,Sin clasificar,2,0,,Active,FixedPriceItem,386.75,1,2026-09-07T06:22:06.000Z,https://www.ebay.com/itm/Hazbin-Hotel-Temporada-2-Tarjetas-Coleccionables-23-50-HUSK-Foil-HOLO-Sin-/377478174700
1617,377482651310,Hazbin Hotel Trading Cards VOX Foil Holo Ultra Rare from Japan,US,Collectibles:Non-Sport Trading Cards:Trading Card Singles,4000,Ungraded,2,0,,Active,FixedPriceItem,1490.0,1,2026-09-09T02:16:23.000Z,https://www.ebay.com/itm/Hazbin-Hotel-Trading-Cards-VOX-Foil-Holo-Ultra-Rare-Japan-/377482651310
1617,377482850866,Hazbin Hotel Trading Cards VOX Foil Holo Ultra Rare from Japan,Australia,Collectables:Non-Sport Trading Cards:Trading Card Singles,4000,Ungraded,2,0,,Active,FixedPriceItem,1733.47,1,2026-09-09T03:54:57.000Z,https://www.ebay.com/itm/Hazbin-Hotel-Trading-Cards-VOX-Foil-Holo-Ultra-Rare-Japan-/377482850866
1617,377482788809,Hazbin Hotel Trading Cards VOX Foil Holo Ultra Rare from Japan,Canada,Collectibles:Non-Sport Trading Cards:Trading Card Singles,4000,Ungraded,2,0,,Active,FixedPriceItem,1728.46,1,2026-09-09T03:17:35.000Z,https://www.ebay.com/itm/Hazbin-Hotel-Trading-Cards-VOX-Foil-Holo-Ultra-Rare-Japan-/377482788809
1617,377482793973,Carte collezionabili Hazbin Hotel VOX Foil Holo ultra rare dal Giappone,Italy,"Collezionismo:Carte collezionabili non sportive, figurine:Carte: singole",4000,Non gradata,2,0,,Active,FixedPriceItem,1076.25,1,2026-09-09T03:20:01.000Z,https://www.ebay.com/itm/Carte-collezionabili-Hazbin-Hotel-VOX-Foil-Holo-ultra-rare-dal-Giappone-/377482793973
1617,377482852831,Hazbin Hotel Trading Cards VOX Foil Holo Ultra Raro de Japón,Spain,Coleccionismo:Cromos:Cromos no deportivos:Cromos sueltos,4000,Sin clasificar,2,0,,Active,FixedPriceItem,1076.25,1,2026-09-09T03:56:51.000Z,https://www.ebay.com/itm/Hazbin-Hotel-Trading-Cards-VOX-Foil-Holo-Ultra-Raro-Japon-/377482852831
1617,377482854485,Hazbin Hotel Trading Cards VOX Foil Holo Ultra Rare from Japan,UK,Collectables:Non-Sport Trading Cards:Trading Card Singles,4000,Ungraded,2,0,,Active,FixedPriceItem,923.93,1,2026-09-09T03:58:01.000Z,https://www.ebay.com/itm/Hazbin-Hotel-Trading-Cards-VOX-Foil-Holo-Ultra-Rare-Japan-/377482854485
1617,377482854810,Cartes à collectionner Hazbin Hotel VOX Foil Holo Ultra Rare du Japon,France,Collections:Cartes de collection:Cartes à collectionner non sportives:Cartes à l'unité,4000,Non gradée,2,0,,Active,FixedPriceItem,1076.25,1,2026-09-09T03:58:34.000Z,https://www.ebay.com/itm/Cartes-a-collectionner-Hazbin-Hotel-VOX-Foil-Holo-Ultra-Rare-du-Japon-/377482854810
1617,377482855166,Hazbin Hotel Trading Cards VOX Foil Holo Ultra Rare aus Japan,Germany,Sammeln & Seltenes:Trading Cards:Non-Sport Trading Cards:Trading Card Einzelkarten,4000,Nicht bewertet,2,0,,Active,FixedPriceItem,1076.25,1,2026-09-09T03:59:01.000Z,https://www.ebay.com/itm/Hazbin-Hotel-Trading-Cards-VOX-Foil-Holo-Ultra-Rare-aus-Japan-/377482855166
1619,377482652071,Hazbin Hotel 2nd Edition Trading Cards LILITH'S BEAC Secret Foil Pink Rare,US,Collectibles:Non-Sport Trading Cards:Trading Card Singles,4000,Ungraded,2,0,,Active,FixedPriceItem,718.0,1,2026-09-09T02:17:23.000Z,https://www.ebay.com/itm/Hazbin-Hotel-2nd-Edition-Trading-Cards-LILITHS-BEAC-Secret-Foil-Pink-Rare-/377482652071
1619,377482852976,Hazbin Hotel 2nd Edition Trading Cards LILITH'S BEAC Secret Foil Pink Rare,Australia,Collectables:Non-Sport Trading Cards:Trading Card Singles,4000,Ungraded,2,0,,Active,FixedPriceItem,835.56,1,2026-09-09T03:56:58.000Z,https://www.ebay.com/itm/Hazbin-Hotel-2nd-Edition-Trading-Cards-LILITHS-BEAC-Secret-Foil-Pink-Rare-/377482852976
1619,377482788945,Hazbin Hotel 2nd Edition Trading Cards LILITH'S BEAC Secret Foil Pink Rare,Canada,Collectibles:Non-Sport Trading Cards:Trading Card Singles,4000,Ungraded,2,0,,Active,FixedPriceItem,831.64,1,2026-09-09T03:17:38.000Z,https://www.ebay.com/itm/Hazbin-Hotel-2nd-Edition-Trading-Cards-LILITHS-BEAC-Secret-Foil-Pink-Rare-/377482788945
1619,377482792020,Hazbin Hotel 2ª Edición Tarjetas Coleccionables LILITH'S BEAC Lámina...,Spain,Coleccionismo:Cromos:Cromos no deportivos:Cromos sueltos,4000,Sin clasificar,2,0,,Active,FixedPriceItem,518.93,1,2026-09-09T03:19:33.000Z,https://www.ebay.com/itm/Hazbin-Hotel-2-Edicion-Tarjetas-Coleccionables-LILITHS-BEAC-Lamina-/377482792020
1619,377482852653,Cartes à collectionner Hazbin Hotel 2ème édition LILITH'S BEAC Secret Foil...,France,Collections:Cartes de collection:Cartes à collectionner non sportives:Cartes à l'unité,4000,Non gradée,2,0,,Active,FixedPriceItem,518.93,1,2026-09-09T03:56:47.000Z,https://www.ebay.com/itm/Cartes-a-collectionner-Hazbin-Hotel-2eme-edition-LILITHS-BEAC-Secret-Foil-/377482852653
1619,377482853364,Hazbin Hotel 2nd Edition Trading Cards LILITH'S BEAC Secret Foil Pink Rare,UK,Collectables:Non-Sport Trading Cards:Trading Card Singles,4000,Ungraded,2,0,,Active,FixedPriceItem,445.59,1,2026-09-09T03:57:21.000Z,https://www.ebay.com/itm/Hazbin-Hotel-2nd-Edition-Trading-Cards-LILITHS-BEAC-Secret-Foil-Pink-Rare-/377482853364
1619,377482857323,Hazbin Hotel 2nd Edition Trading Cards LILITH'S BEAC Secret Foil Pink Rare,Germany,Sammeln & Seltenes:Trading Cards:Non-Sport Trading Cards:Trading Card Einzelkarten,4000,Nicht bewertet,2,0,,Active,FixedPriceItem,518.93,1,2026-09-09T03:59:43.000Z,https://www.ebay.com/itm/Hazbin-Hotel-2nd-Edition-Trading-Cards-LILITHS-BEAC-Secret-Foil-Pink-Rare-/377482857323
1619,377482865572,Carte collezionabili Hazbin Hotel 2a edizione LILITH'S BEAC Secret Foil...,Italy,"Collezionismo:Carte collezionabili non sportive, figurine:Carte: singole",4000,Non gradata,2,0,,Active,FixedPriceItem,518.93,1,2026-09-09T04:01:26.000Z,https://www.ebay.com/itm/Carte-collezionabili-Hazbin-Hotel-2a-edizione-LILITHS-BEAC-Secret-Foil-/377482865572
1625,377492019550,MTG Rhox Japanese Foil Nemesis Green Creature Card NM,Australia,Toys & Hobbies:Collectable Card Games:CCG Individual Cards,4000,Ungraded,2,0,,Active,FixedPriceItem,708.57,1,2026-09-13T05:06:53.000Z,https://www.ebay.com/itm/MTG-Rhox-Japanese-Foil-Nemesis-Green-Creature-Card-NM-/377492019550
1625,377491989637,MTG Rhox Japanese Foil Nemesis Green Creature Card NM,US,Toys & Hobbies:Collectible Card Games:CCG Individual Cards,4000,Ungraded,2,0,,Active,FixedPriceItem,609.0,1,2026-09-13T04:43:28.000Z,https://www.ebay.com/itm/MTG-Rhox-Japanese-Foil-Nemesis-Green-Creature-Card-NM-/377491989637
1625,377492013886,MTG Rhox Japanese Foil Nemesis Green Creature Card NM,Canada,Toys & Hobbies:Collectible Card Games:CCG Individual Cards,4000,Ungraded,2,0,,Active,FixedPriceItem,706.15,1,2026-09-13T05:01:22.000Z,https://www.ebay.com/itm/MTG-Rhox-Japanese-Foil-Nemesis-Green-Creature-Card-NM-/377492013886
1625,377492019922,MTG Rhox Japanese Foil Nemesis Green Creature Card casi nuevo,Spain,Coleccionismo:Juegos de cartas coleccionables:Cartas sueltas,4000,Sin clasificar,2,0,,Active,FixedPriceItem,439.48,1,2026-09-13T05:07:18.000Z,https://www.ebay.com/itm/MTG-Rhox-Japanese-Foil-Nemesis-Green-Creature-Card-casi-nuevo-/377492019922
1625,377492020008,MTG Rhox Japanese Foil Nemesis Green Creature Card NM,UK,Collectables:Collectable Card Games:CCG Individual Cards,4000,Ungraded,2,0,,Active,FixedPriceItem,377.33,1,2026-09-13T05:07:33.000Z,https://www.ebay.com/itm/MTG-Rhox-Japanese-Foil-Nemesis-Green-Creature-Card-NM-/377492020008
1625,377492022598,MTG Rhox Japanese Foil Nemesis Green Creature Card NM,France,Collections:Jeux de cartes à collectionner:JCC : cartes à l'unité,4000,Non gradée,2,0,,Active,FixedPriceItem,439.48,1,2026-09-13T05:10:03.000Z,https://www.ebay.com/itm/MTG-Rhox-Japanese-Foil-Nemesis-Green-Creature-Card-NM-/377492022598
1625,377492029086,MTG Rhox Japanese Foil Nemesis Green Creature Card NM,Germany,Sammeln & Seltenes:Sammelkartenspiele/TCGs:TCG Einzelkarten,4000,Nicht bewertet,2,0,,Active,FixedPriceItem,439.48,1,2026-09-13T05:13:33.000Z,https://www.ebay.com/itm/MTG-Rhox-Japanese-Foil-Nemesis-Green-Creature-Card-NM-/377492029086
1625,377492029358,MTG Rhox Japanese Foil Nemesis Green Creature Card quasi nuova,Italy,Collezionismo:Giochi di carte collezionabili:GCC: carte singole,4000,Non gradata,2,0,,Active,FixedPriceItem,439.48,1,2026-09-13T05:14:08.000Z,https://www.ebay.com/itm/MTG-Rhox-Japanese-Foil-Nemesis-Green-Creature-Card-quasi-nuova-/377492029358
1644,377501874940,Kirby Super Star Otedama Beanbag Plush Waddle Dee Vintage Prize Japan Rare,US,Collectibles:Animation Art & Merchandise:Animation Merchandise:Plush Items,3000,Used,2,0,,Active,FixedPriceItem,1080.0,1,2026-09-17T04:45:03.000Z,https://www.ebay.com/itm/Kirby-Super-Star-Otedama-Beanbag-Plush-Waddle-Dee-Vintage-Prize-Japan-Rare-/377501874940
1644,377502005405,Kirby Super Star Otedama Beanbag Plush Waddle Dee Vintage Prize Japan Rare,Australia,Collectables:Animation Art & Merchandise:Animation Merchandise:Other Animation Merchandise,3000,Used,2,0,,Active,FixedPriceItem,1256.56,1,2026-09-17T05:56:15.000Z,https://www.ebay.com/itm/Kirby-Super-Star-Otedama-Beanbag-Plush-Waddle-Dee-Vintage-Prize-Japan-Rare-/377502005405
1644,377501929262,Kirby Super Star Otedama Beanbag Plush Waddle Dee Vintage Prize Japan Rare,Canada,Collectibles:Animation Art & Merchandise:Animation Merchandise:Plush Items,3000,Used,2,0,,Active,FixedPriceItem,1252.3,1,2026-09-17T05:12:00.000Z,https://www.ebay.com/itm/Kirby-Super-Star-Otedama-Beanbag-Plush-Waddle-Dee-Vintage-Prize-Japan-Rare-/377501929262
1644,377501944559,Kirby Super Star Otedama Beanbag Peluche Waddle Dee Premio Vintage Giappone Raro,Italy,Collezionismo:Personaggi da collezione:Altri personaggi,3000,Usato,2,0,,Active,FixedPriceItem,779.38,1,2026-09-17T05:22:59.000Z,https://www.ebay.com/itm/Kirby-Super-Star-Otedama-Beanbag-Peluche-Waddle-Dee-Premio-Vintage-Giappone-Raro-/377501944559
1644,377502005244,Kirby Super Star Otedama Beanbag Peluche Waddle Dee Vintage Prize Japón Raro,Spain,Coleccionismo:Dibujos animados,3000,Usado,2,0,,Active,FixedPriceItem,779.38,1,2026-09-17T05:56:03.000Z,https://www.ebay.com/itm/Kirby-Super-Star-Otedama-Beanbag-Peluche-Waddle-Dee-Vintage-Prize-Japon-Raro-/377502005244
1644,377502005727,Kirby Super Star Otedama Sitzsack Plüsch Waddle Dee Vintage Preis Japan Selten,Germany,Sammeln & Seltenes:Animationskunst & Merchandising:Animations Merchandising:Sonstige,3000,Gebraucht,2,0,,Active,FixedPriceItem,779.38,1,2026-09-17T05:56:30.000Z,https://www.ebay.com/itm/Kirby-Super-Star-Otedama-Sitzsack-Plusch-Waddle-Dee-Vintage-Preis-Japan-Selten-/377502005727
1644,377502017458,Kirby Super Star Otedama Beanbag Peluche Waddle Dee Vintage Prize Japan Rare,France,Collections:Autres,3000,Occasion,2,0,,Active,FixedPriceItem,779.38,1,2026-09-17T06:04:39.000Z,https://www.ebay.com/itm/Kirby-Super-Star-Otedama-Beanbag-Peluche-Waddle-Dee-Vintage-Prize-Japan-Rare-/377502017458
1644,377502017902,Kirby Super Star Otedama Beanbag Plush Waddle Dee Vintage Prize Japan Rare,UK,Collectables:Animation Art & Merchandise:Animation Merchandise:Other Animation Merchandise,3000,Used,2,0,,Active,FixedPriceItem,669.15,1,2026-09-17T06:04:58.000Z,https://www.ebay.com/itm/Kirby-Super-Star-Otedama-Beanbag-Plush-Waddle-Dee-Vintage-Prize-Japan-Rare-/377502017902
1645,377501879960,Kirby Super Star Otedama Beanbag Plush Star Character Vintage Prize Japan,US,Collectibles:Animation Art & Merchandise:Animation Merchandise:Plush Items,3000,Used,2,0,,Active,FixedPriceItem,1075.0,1,2026-09-17T04:47:06.000Z,https://www.ebay.com/itm/Kirby-Super-Star-Otedama-Beanbag-Plush-Star-Character-Vintage-Prize-Japan-/377501879960
1645,377502008724,Kirby Super Star Otedama Beanbag Plush Star Character Vintage Prize Japan,Australia,Collectables:Animation Art & Merchandise:Animation Merchandise:Other Animation Merchandise,3000,Used,2,0,,Active,FixedPriceItem,1250.74,1,2026-09-17T05:58:26.000Z,https://www.ebay.com/itm/Kirby-Super-Star-Otedama-Beanbag-Plush-Star-Character-Vintage-Prize-Japan-/377502008724
1645,377501930859,Kirby Super Star Otedama Beanbag Plush Star Character Vintage Prize Japan,Canada,Collectibles:Animation Art & Merchandise:Animation Merchandise:Plush Items,3000,Used,2,0,,Active,FixedPriceItem,1246.5,1,2026-09-17T05:13:28.000Z,https://www.ebay.com/itm/Kirby-Super-Star-Otedama-Beanbag-Plush-Star-Character-Vintage-Prize-Japan-/377501930859
1645,377502005609,Peluche Kirby Super Star Otedama Beanbag personnage étoile vintage prix Japon,France,Collections:Autres,3000,Occasion,2,0,,Active,FixedPriceItem,775.77,1,2026-09-17T05:56:25.000Z,https://www.ebay.com/itm/Peluche-Kirby-Super-Star-Otedama-Beanbag-personnage-etoile-vintage-prix-Japon-/377502005609
1645,377502006255,Kirby Super Star Otedama Sitzsack Plüsch Stern Figur Vintage Preis Japan,Germany,Sammeln & Seltenes:Animationskunst & Merchandising:Animations Merchandising:Plüschtiere,3000,Gebraucht,2,0,,Active,FixedPriceItem,775.77,1,2026-09-17T05:56:54.000Z,https://www.ebay.com/itm/Kirby-Super-Star-Otedama-Sitzsack-Plusch-Stern-Figur-Vintage-Preis-Japan-/377502006255
1645,377502006601,Kirby Super Star Otedama Beanbag Plush Star Character Vintage Prize Japan,UK,Collectables:Animation Art & Merchandise:Animation Merchandise:Plush Items,3000,Used,2,0,,Active,FixedPriceItem,666.05,1,2026-09-17T05:57:04.000Z,https://www.ebay.com/itm/Kirby-Super-Star-Otedama-Beanbag-Plush-Star-Character-Vintage-Prize-Japan-/377502006601
1645,377502007233,Kirby Super Star Otedama Beanbag Peluche Estrella Personaje Vintage Premio...,Spain,Coleccionismo:Dibujos animados,3000,Usado,2,0,,Active,FixedPriceItem,775.77,1,2026-09-17T05:57:27.000Z,https://www.ebay.com/itm/Kirby-Super-Star-Otedama-Beanbag-Peluche-Estrella-Personaje-Vintage-Premio-/377502007233
1645,377502051904,Kirby Super Star Otedama Beanbag Peluche Personaggio Stella Premio Vintage...,Italy,Collezionismo:Personaggi da collezione:Altri personaggi,3000,Usato,2,0,,Active,FixedPriceItem,775.77,1,2026-09-17T06:25:48.000Z,https://www.ebay.com/itm/Kirby-Super-Star-Otedama-Beanbag-Peluche-Personaggio-Stella-Premio-Vintage-/377502051904
1674,377521044384,Roland PG-800 Programmer for JX-8P JX-10 MKS-70 GR-77B Synth with DIN Cable,US,Musical Instruments & Gear:Other Musical Instruments,3000,Used,2,0,,Active,FixedPriceItem,939.0,1,2026-09-25T01:12:55.000Z,https://www.ebay.com/itm/Roland-PG-800-Programmer-JX-8P-JX-10-MKS-70-GR-77B-Synth-DIN-Cable-/377521044384
1674,377521250829,Roland PG-800 Programmer for JX-8P JX-10 MKS-70 GR-77B Synth with DIN Cable,Australia,Musical Instruments:Other Musical Instruments,3000,Used,2,0,,Active,FixedPriceItem,1123.11,1,2026-09-25T03:39:06.000Z,https://www.ebay.com/itm/Roland-PG-800-Programmer-JX-8P-JX-10-MKS-70-GR-77B-Synth-DIN-Cable-/377521250829
1674,377521174560,Roland PG-800 Programmer for JX-8P JX-10 MKS-70 GR-77B Synth with DIN Cable,Canada,Musical Instruments & Gear:Other Musical Instruments,3000,Used,2,0,,Active,FixedPriceItem,1115.46,1,2026-09-25T02:47:04.000Z,https://www.ebay.com/itm/Roland-PG-800-Programmer-JX-8P-JX-10-MKS-70-GR-77B-Synth-DIN-Cable-/377521174560
1674,377521245714,Programador Roland PG-800 para sintetizador JX-8P JX-10 MKS-70 GR-77B con cab...,Spain,Instrumentos musicales:Otros,3000,Usado,2,0,,Active,FixedPriceItem,692.45,1,2026-09-25T03:34:03.000Z,https://www.ebay.com/itm/Programador-Roland-PG-800-para-sintetizador-JX-8P-JX-10-MKS-70-GR-77B-con-cab-/377521245714
1674,377521247356,Programmatore Roland PG-800 per sintetizzatore JX-8P JX-10 MKS-70 GR-77B con ...,Italy,Strumenti musicali:Altro strumenti musicali,3000,Usato,2,0,,Active,FixedPriceItem,692.45,1,2026-09-25T03:35:31.000Z,https://www.ebay.com/itm/Programmatore-Roland-PG-800-per-sintetizzatore-JX-8P-JX-10-MKS-70-GR-77B-con-/377521247356
1674,377521250672,Roland PG-800 Programmer for JX-8P JX-10 MKS-70 GR-77B Synth with DIN Cable,UK,Musical Instruments & DJ Equipment:Other Musical Instruments,3000,Used,2,0,,Active,FixedPriceItem,595.43,1,2026-09-25T03:38:51.000Z,https://www.ebay.com/itm/Roland-PG-800-Programmer-JX-8P-JX-10-MKS-70-GR-77B-Synth-DIN-Cable-/377521250672
1674,377521251183,Programmateur Roland PG-800 pour synthé JX-8P JX-10 MKS-70 GR-77B avec câble DIN,France,Instruments de musique:Autres,3000,Occasion,2,0,,Active,FixedPriceItem,692.45,1,2026-09-25T03:39:35.000Z,https://www.ebay.com/itm/Programmateur-Roland-PG-800-pour-synthe-JX-8P-JX-10-MKS-70-GR-77B-avec-cable-DIN-/377521251183
1674,377521285419,Roland PG-800 Programmer für JX-8P JX-10 MKS-70 GR-77B Synth mit DIN Kabel,Germany,Musikinstrumente:Sonstige Musikinstrumente,3000,Gebraucht,2,0,,Active,FixedPriceItem,692.45,1,2026-09-25T04:04:13.000Z,https://www.ebay.com/itm/Roland-PG-800-Programmer-fur-JX-8P-JX-10-MKS-70-GR-77B-Synth-mit-DIN-Kabel-/377521285419
1676,377523402507,One Piece Carddass Hyper Battle Luffy C565 Graded 10 Gem Mint Japan,US,Toys & Hobbies:Collectible Card Games:CCG Individual Cards,2750,Graded,2,0,,Active,FixedPriceItem,1060.0,1,2026-09-26T01:27:32.000Z,https://www.ebay.com/itm/One-Piece-Carddass-Hyper-Battle-Luffy-C565-Graded-10-Gem-Mint-Japan-/377523402507
1676,377533108973,One Piece Carddass Hyper Battle Luffy C565 Graded 10 Gem Mint Japan,Australia,Toys & Hobbies:Collectable Card Games:CCG Individual Cards,2750,Graded,2,0,,Active,FixedPriceItem,1233.3,1,2026-09-30T05:37:44.000Z,https://www.ebay.com/itm/One-Piece-Carddass-Hyper-Battle-Luffy-C565-Graded-10-Gem-Mint-Japan-/377533108973
1676,377532886946,One Piece Carddass Hyper Battle Luffy C565 Graded 10 Gem Mint Japan,France,Collections:Jeux de cartes à collectionner:JCC : cartes à l'unité,2750,Gradée,2,0,,Active,FixedPriceItem,764.95,1,2026-09-30T03:46:56.000Z,https://www.ebay.com/itm/One-Piece-Carddass-Hyper-Battle-Luffy-C565-Graded-10-Gem-Mint-Japan-/377532886946
1676,377533025654,One Piece Carddass Hyper Battle Luffy C565 Graded 10 Gem Mint Japan,Germany,Sammeln & Seltenes:Sammelkartenspiele/TCGs:TCG Einzelkarten,2750,Bewertet,2,0,,Active,FixedPriceItem,764.95,1,2026-09-30T04:52:44.000Z,https://www.ebay.com/itm/One-Piece-Carddass-Hyper-Battle-Luffy-C565-Graded-10-Gem-Mint-Japan-/377533025654
1676,377533025998,One Piece Carddass Hyper Battle Luffy C565 Graded 10 Gem Mint Japón,Spain,Coleccionismo:Juegos de cartas coleccionables:Cartas sueltas,2750,Clasificada,2,0,,Active,FixedPriceItem,764.95,1,2026-09-30T04:53:12.000Z,https://www.ebay.com/itm/One-Piece-Carddass-Hyper-Battle-Luffy-C565-Graded-10-Gem-Mint-Japon-/377533025998
1676,377533026701,One Piece Carddass Hyper Battle Luffy C565 Graded 10 Gem Mint Japan,UK,Collectables:Collectable Card Games:CCG Individual Cards,2750,Graded,2,0,,Active,FixedPriceItem,656.76,1,2026-09-30T04:53:30.000Z,https://www.ebay.com/itm/One-Piece-Carddass-Hyper-Battle-Luffy-C565-Graded-10-Gem-Mint-Japan-/377533026701
1676,377533196106,One Piece Carddass Hyper Battle Luffy C565 Graded 10 Gem Mint Japan,Canada,Toys & Hobbies:Collectible Card Games:CCG Individual Cards,2750,Graded,2,0,,Active,FixedPriceItem,1229.1,1,2026-09-30T06:23:08.000Z,https://www.ebay.com/itm/One-Piece-Carddass-Hyper-Battle-Luffy-C565-Graded-10-Gem-Mint-Japan-/377533196106
1676,377533166952,One Piece Carddass Hyper Battle Rufy C565 Graded 10 Gem Mint Japan,Italy,Collezionismo:Giochi di carte collezionabili:GCC: carte singole,2750,Valutata,2,0,,Active,FixedPriceItem,764.95,1,2026-09-30T06:08:45.000Z,https://www.ebay.com/itm/One-Piece-Carddass-Hyper-Battle-Rufy-C565-Graded-10-Gem-Mint-Japan-/377533166952
1691,377529921234,AVANTI Idol Horse Manhattan Cafe Plush Uma Musume Racehorse S Size w/ Tag Japan,US,Collectibles:Animation Art & Merchandise:Animation Merchandise:Plush Items,3000,Used,2,0,,Active,FixedPriceItem,930.0,1,2026-09-28T23:44:54.000Z,https://www.ebay.com/itm/AVANTI-Idol-Horse-Manhattan-Cafe-Plush-Uma-Musume-Racehorse-S-Size-w-Tag-Japan-/377529921234
1691,377537860207,AVANTI Idol Horse Manhattan Cafe Plush Uma Musume Racehorse S Size w/ Tag Japan,Australia,Collectables:Animation Art & Merchandise:Animation Merchandise:Plush Items,3000,Used,2,0,,Active,FixedPriceItem,1082.04,1,2026-10-02T04:52:59.000Z,https://www.ebay.com/itm/AVANTI-Idol-Horse-Manhattan-Cafe-Plush-Uma-Musume-Racehorse-S-Size-w-Tag-Japan-/377537860207
1691,377537704065,AVANTI Idol Horse Manhattan Cafe Plush Uma Musume Racehorse S Size w/ Tag Japan,Canada,Collectibles:Animation Art & Merchandise:Animation Merchandise:Plush Items,3000,Used,2,0,,Active,FixedPriceItem,1078.37,1,2026-10-02T03:08:42.000Z,https://www.ebay.com/itm/AVANTI-Idol-Horse-Manhattan-Cafe-Plush-Uma-Musume-Racehorse-S-Size-w-Tag-Japan-/377537704065
1691,377537765907,AVANTI Idol Horse Manhattan Cafe Plush Uma Musume Racehorse S Size w/ Tag Japan,UK,Collectables:Animation Art & Merchandise:Animation Merchandise:Plush Items,3000,Used,2,0,,Active,FixedPriceItem,576.21,1,2026-10-02T03:45:59.000Z,https://www.ebay.com/itm/AVANTI-Idol-Horse-Manhattan-Cafe-Plush-Uma-Musume-Racehorse-S-Size-w-Tag-Japan-/377537765907
1691,377537859095,AVANTI Idol Pferd Manhattan Cafe Plüsch Uma Musume Rennpferd Größe S mit...,Germany,Sammeln & Seltenes:Animationskunst & Merchandising:Animations Merchandising:Plüschtiere,3000,Gebraucht,2,0,,Active,FixedPriceItem,671.13,1,2026-10-02T04:51:54.000Z,https://www.ebay.com/itm/AVANTI-Idol-Pferd-Manhattan-Cafe-Plusch-Uma-Musume-Rennpferd-Grose-S-mit-/377537859095
1691,377537859426,AVANTI Idol Horse Manhattan Café Peluche Uma Musume Racehorse Talla S con...,Spain,Coleccionismo:Dibujos animados,3000,Usado,2,0,,Active,FixedPriceItem,671.13,1,2026-10-02T04:52:25.000Z,https://www.ebay.com/itm/AVANTI-Idol-Horse-Manhattan-Cafe-Peluche-Uma-Musume-Racehorse-Talla-S-con-/377537859426
1691,377537860965,Peluche AVANTI Idol Horse Manhattan Cafe Uma Musume Racehorse taille S avec...,France,Collections:Autres,3000,Occasion,2,0,,Active,FixedPriceItem,671.13,1,2026-10-02T04:54:05.000Z,https://www.ebay.com/itm/Peluche-AVANTI-Idol-Horse-Manhattan-Cafe-Uma-Musume-Racehorse-taille-S-avec-/377537860965
1691,377537861420,AVANTI Idol Horse Manhattan Cafe Peluche Uma Musume Racehorse Taglia S con...,Italy,Collezionismo:Personaggi da collezione:Altri personaggi,3000,Usato,2,0,,Active,FixedPriceItem,671.13,1,2026-10-02T04:54:45.000Z,https://www.ebay.com/itm/AVANTI-Idol-Horse-Manhattan-Cafe-Peluche-Uma-Musume-Racehorse-Taglia-S-con-/377537861420
1692,377529963673,AVANTI Idol Horse Meiner Love Plush Racehorse S Size Silk Road Ver w/ Tag Japan,Australia,Collectables:Animation Art & Merchandise:Animation Merchandise:Plush Items,3000,Used,2,0,,Active,FixedPriceItem,756.27,1,2026-09-29T00:11:13.000Z,https://www.ebay.com/itm/AVANTI-Idol-Horse-Meiner-Love-Plush-Racehorse-S-Size-Silk-Road-Ver-w-Tag-Japan-/377529963673
1692,377529921228,AVANTI Idol Horse Meiner Love Plush Racehorse S Size Silk Road Ver w/ Tag Japan,US,Collectibles:Animation Art & Merchandise:Animation Merchandise:Plush Items,3000,Used,2,0,,Active,FixedPriceItem,650.0,1,2026-09-28T23:44:54.000Z,https://www.ebay.com/itm/AVANTI-Idol-Horse-Meiner-Love-Plush-Racehorse-S-Size-Silk-Road-Ver-w-Tag-Japan-/377529921228
1692,377529939571,AVANTI Idol Horse Meiner Love Plush Racehorse S Size Silk Road Ver w/ Tag Japan,Canada,Collectibles:Animation Art & Merchandise:Animation Merchandise:Plush Items,3000,Used,2,0,,Active,FixedPriceItem,753.7,1,2026-09-28T23:58:22.000Z,https://www.ebay.com/itm/AVANTI-Idol-Horse-Meiner-Love-Plush-Racehorse-S-Size-Silk-Road-Ver-w-Tag-Japan-/377529939571
1692,377529954782,AVANTI Idol Horse Meiner Love Plush Racehorse S Size Silk Road Ver w/ Tag Japan,UK,Collectables:Animation Art & Merchandise:Animation Merchandise:Plush Items,3000,Used,2,0,,Active,FixedPriceItem,402.73,1,2026-09-29T00:07:59.000Z,https://www.ebay.com/itm/AVANTI-Idol-Horse-Meiner-Love-Plush-Racehorse-S-Size-Silk-Road-Ver-w-Tag-Japan-/377529954782
1692,377529964440,AVANTI Idol Pferd Meiner Love Plüsch Rennpferd Größe S Silk Road Ver mit...,Germany,Sammeln & Seltenes:Animationskunst & Merchandising:Animations Merchandising:Plüschtiere,3000,Gebraucht,2,0,,Active,FixedPriceItem,469.07,1,2026-09-29T00:11:30.000Z,https://www.ebay.com/itm/AVANTI-Idol-Pferd-Meiner-Love-Plusch-Rennpferd-Grose-S-Silk-Road-Ver-mit-/377529964440
1692,377529965202,Peluche AVANTI Idol Horse Meiner Love cheval de course taille S Silk Road...,France,Collections:Autres,3000,Occasion,2,0,,Active,FixedPriceItem,469.07,1,2026-09-29T00:11:46.000Z,https://www.ebay.com/itm/Peluche-AVANTI-Idol-Horse-Meiner-Love-cheval-course-taille-S-Silk-Road-/377529965202
1692,377529971282,AVANTI Idol Horse Meiner Love Peluche Cavallo da corsa Taglia S Silk Road...,Italy,Collezionismo:Personaggi da collezione:Altri personaggi,3000,Usato,2,0,,Active,FixedPriceItem,469.07,1,2026-09-29T00:14:03.000Z,https://www.ebay.com/itm/AVANTI-Idol-Horse-Meiner-Love-Peluche-Cavallo-da-corsa-Taglia-S-Silk-Road-/377529971282
1700,377532460402,Brahms Complete Edition 46 CD Box Deutsche Grammophon Karajan Pollini Abbado,Australia,Music:CDs,4000,Very good,2,0,,Active,FixedPriceItem,323.45,1,2026-09-30T00:29:52.000Z,https://www.ebay.com/itm/Brahms-Complete-Edition-46-CD-Box-Deutsche-Grammophon-Karajan-Pollini-Abbado-/377532460402
1700,377532449513,Brahms Complete Edition 46 CD Box Deutsche Grammophon Karajan Pollini Abbado,US,Music:CDs,4000,Very Good,2,0,,Active,FixedPriceItem,278.0,1,2026-09-30T00:25:07.000Z,https://www.ebay.com/itm/Brahms-Complete-Edition-46-CD-Box-Deutsche-Grammophon-Karajan-Pollini-Abbado-/377532449513
1700,377532450034,Brahms Complete Edition 46 CD Box Deutsche Grammophon Karajan Pollini Abbado,Canada,Music:CDs,4000,Very Good,2,0,,Active,FixedPriceItem,322.35,1,2026-09-30T00:25:42.000Z,https://www.ebay.com/itm/Brahms-Complete-Edition-46-CD-Box-Deutsche-Grammophon-Karajan-Pollini-Abbado-/377532450034
1700,377532450114,Brahms Complete Edition 46 CD Box Deutsche Grammophon Karajan Pollini Abbado,UK,Music:CDs,4000,Very Good,2,0,,Active,FixedPriceItem,172.24,1,2026-09-30T00:25:49.000Z,https://www.ebay.com/itm/Brahms-Complete-Edition-46-CD-Box-Deutsche-Grammophon-Karajan-Pollini-Abbado-/377532450114
1700,377532459635,Brahms Gesamtausgabe 46 CD Box Deutsche Grammophon Karajan Pollini Abbado,Germany,Musik:CDs,4000,Sehr gut,2,0,,Active,FixedPriceItem,200.62,1,2026-09-30T00:29:39.000Z,https://www.ebay.com/itm/Brahms-Gesamtausgabe-46-CD-Box-Deutsche-Grammophon-Karajan-Pollini-Abbado-/377532459635
1700,377532473302,Brahms Complete Edition 46 CD Box grammofono tedesco Karajan Pollini Abbado,Italy,"Musica, CD e vinili:CD",4000,Ottime condizioni,2,0,,Active,FixedPriceItem,200.62,1,2026-09-30T00:34:58.000Z,https://www.ebay.com/itm/Brahms-Complete-Edition-46-CD-Box-grammofono-tedesco-Karajan-Pollini-Abbado-/377532473302
1700,377532473453,Brahms Complete Edition 46 CD Box Deutsche Grammophon Karajan Pollini Abbado,France,"Musique, CD, vinyles:CD",4000,Très bon état,2,0,,Active,FixedPriceItem,200.62,1,2026-09-30T00:35:12.000Z,https://www.ebay.com/itm/Brahms-Complete-Edition-46-CD-Box-Deutsche-Grammophon-Karajan-Pollini-Abbado-/377532473453
1700,377532654936,Brahms Complete Edition 46 CD Box Deutsche Grammophon Karajan Pollini Abbado,Spain,"Música, CDs y vinilos:CDs",4000,En muy buen estado,2,0,,Active,FixedPriceItem,200.62,1,2026-09-30T02:11:11.000Z,https://www.ebay.com/itm/Brahms-Complete-Edition-46-CD-Box-Deutsche-Grammophon-Karajan-Pollini-Abbado-/377532654936
1726,377489614890,David Bowie Aladdin Sane Japan Paper Sleeve SHM-CD Limited OBI,US,Music:CDs,2750,Like New,2,0,,Active,FixedPriceItem,389.0,1,2026-09-12T01:23:25.000Z,https://www.ebay.com/itm/David-Bowie-Aladdin-Sane-Japan-Paper-Sleeve-SHM-CD-Limited-OBI-/377489614890
1726,377489809898,David Bowie Aladdin Sane Japan Paper Sleeve SHM-CD Limited OBI,Australia,Music:CDs,2750,Like new,2,0,,Active,FixedPriceItem,452.59,1,2026-09-12T03:52:39.000Z,https://www.ebay.com/itm/David-Bowie-Aladdin-Sane-Japan-Paper-Sleeve-SHM-CD-Limited-OBI-/377489809898
1726,377489947394,David Bowie Aladdin Sane Japan Paper Sleeve SHM-CD Limited OBI,Italy,"Musica, CD e vinili:CD",2750,Come Nuovo,2,0,,Active,FixedPriceItem,280.72,1,2026-09-12T05:52:00.000Z,https://www.ebay.com/itm/David-Bowie-Aladdin-Sane-Japan-Paper-Sleeve-SHM-CD-Limited-OBI-/377489947394
1726,377489948046,David Bowie Aladdin Sane Japan Paper Sleeve SHM-CD Limited OBI,France,"Musique, CD, vinyles:CD",2750,Comme neuf,2,0,,Active,FixedPriceItem,280.72,1,2026-09-12T05:52:23.000Z,https://www.ebay.com/itm/David-Bowie-Aladdin-Sane-Japan-Paper-Sleeve-SHM-CD-Limited-OBI-/377489948046
1726,377489948862,David Bowie Aladdin Sane Japan Paper Sleeve SHM-CD Limited OBI,Canada,Music:CDs,2750,Like New,2,0,,Active,FixedPriceItem,451.06,1,2026-09-12T05:52:43.000Z,https://www.ebay.com/itm/David-Bowie-Aladdin-Sane-Japan-Paper-Sleeve-SHM-CD-Limited-OBI-/377489948862
1726,377489949118,David Bowie Aladdin Sane Japan Paper Sleeve SHM-CD Limited OBI,UK,Music:CDs,2750,Like New,2,0,,Active,FixedPriceItem,241.02,1,2026-09-12T05:52:55.000Z,https://www.ebay.com/itm/David-Bowie-Aladdin-Sane-Japan-Paper-Sleeve-SHM-CD-Limited-OBI-/377489949118
1726,377489949339,David Bowie Aladdin Sane Japón funda de papel SHM-CD Limited OBI,Spain,"Música, CDs y vinilos:CDs",2750,Como nuevo,2,0,,Active,FixedPriceItem,280.72,1,2026-09-12T05:53:12.000Z,https://www.ebay.com/itm/David-Bowie-Aladdin-Sane-Japon-funda-papel-SHM-CD-Limited-OBI-/377489949339
1726,377490453646,David Bowie Aladdin Sane Japan Paper Sleeve SHM-CD Limited OBI,Germany,Musik:CDs,2750,Neuwertig,2,0,,Active,FixedPriceItem,280.72,1,2026-09-12T12:01:12.000Z,https://www.ebay.com/itm/David-Bowie-Aladdin-Sane-Japan-Paper-Sleeve-SHM-CD-Limited-OBI-/377490453646
1730,377492022771,Final Fantasy XIV Crystal Exarch's Cane Silver 925 Pendant Necklace Square Enix,Australia,Collectables:Animation Art & Merchandise:Animation Merchandise:Other Animation Merchandise,3000,Used,2,0,,Active,FixedPriceItem,557.31,1,2026-09-13T05:10:09.000Z,https://www.ebay.com/itm/Final-Fantasy-XIV-Crystal-Exarchs-Cane-Silver-925-Pendant-Necklace-Square-Enix-/377492022771
1730,377491989634,Final Fantasy XIV Crystal Exarch's Cane Silver 925 Pendant Necklace Square Enix,US,Collectibles:Animation Art & Merchandise:Animation Merchandise:Other Animation Merchandise,3000,Used,2,0,,Active,FixedPriceItem,479.0,1,2026-09-13T04:43:28.000Z,https://www.ebay.com/itm/Final-Fantasy-XIV-Crystal-Exarchs-Cane-Silver-925-Pendant-Necklace-Square-Enix-/377491989634
1730,377492013826,Final Fantasy XIV Crystal Exarch's Cane Silver 925 Pendant Necklace Square Enix,Canada,Collectibles:Animation Art & Merchandise:Animation Merchandise:Other Animation Merchandise,3000,Used,2,0,,Active,FixedPriceItem,555.42,1,2026-09-13T05:01:19.000Z,https://www.ebay.com/itm/Final-Fantasy-XIV-Crystal-Exarchs-Cane-Silver-925-Pendant-Necklace-Square-Enix-/377492013826
1730,377492019642,Collier pendentif Final Fantasy XIV cristal canne d'exarque argent 925...,France,Collections:Autres,3000,Occasion,2,0,,Active,FixedPriceItem,345.67,1,2026-09-13T05:07:04.000Z,https://www.ebay.com/itm/Collier-pendentif-Final-Fantasy-XIV-cristal-canne-dexarque-argent-925-/377492019642
1730,377492019930,Final Fantasy XIV Crystal Exarch's Cane Silver 925 Pendant Necklace Square Enix,Spain,Coleccionismo:Dibujos animados,3000,Usado,2,0,,Active,FixedPriceItem,345.67,1,2026-09-13T05:07:19.000Z,https://www.ebay.com/itm/Final-Fantasy-XIV-Crystal-Exarchs-Cane-Silver-925-Pendant-Necklace-Square-Enix-/377492019930
1730,377492019973,Final Fantasy XIV Crystal Exarch's Cane Silver 925 Pendant Necklace Square Enix,UK,Collectables:Animation Art & Merchandise:Animation Merchandise:Other Animation Merchandise,3000,Used,2,0,,Active,FixedPriceItem,296.78,1,2026-09-13T05:07:27.000Z,https://www.ebay.com/itm/Final-Fantasy-XIV-Crystal-Exarchs-Cane-Silver-925-Pendant-Necklace-Square-Enix-/377492019973
1730,377492023633,Collana con ciondolo Final Fantasy XIV Crystal Exarch's Cane in argento 925...,Italy,Collezionismo:Personaggi da collezione:Altri personaggi,3000,Usato,2,0,,Active,FixedPriceItem,345.67,1,2026-09-13T05:10:32.000Z,https://www.ebay.com/itm/Collana-con-ciondolo-Final-Fantasy-XIV-Crystal-Exarchs-Cane-argento-925-/377492023633
1730,377492028647,Final Fantasy XIV Crystal Exarch's Cane Silber 925 Anhänger Halskette...,Germany,Sammeln & Seltenes:Animationskunst & Merchandising:Animations Merchandising:Sonstige,3000,Gebraucht,2,0,,Active,FixedPriceItem,345.67,1,2026-09-13T05:12:55.000Z,https://www.ebay.com/itm/Final-Fantasy-XIV-Crystal-Exarchs-Cane-Silber-925-Anhanger-Halskette-/377492028647
1736,377492028301,Summer Carnival 92 Recca Famicom Promotional T-Shirt Naxat Sealed,Australia,Collectables:Animation Art & Merchandise:Animation Merchandise:Other Animation Merchandise,3000,Used,2,0,,Active,FixedPriceItem,452.59,1,2026-09-13T05:12:32.000Z,https://www.ebay.com/itm/Summer-Carnival-92-Recca-Famicom-Promotional-T-Shirt-Naxat-Sealed-/377492028301
1736,377491989633,Summer Carnival 92 Recca Famicom Promotional T-Shirt Naxat Sealed,US,Collectibles:Animation Art & Merchandise:Animation Merchandise:Other Animation Merchandise,3000,Used,2,0,,Active,FixedPriceItem,389.0,1,2026-09-13T04:43:28.000Z,https://www.ebay.com/itm/Summer-Carnival-92-Recca-Famicom-Promotional-T-Shirt-Naxat-Sealed-/377491989633
1736,377492013865,Summer Carnival 92 Recca Famicom Promotional T-Shirt Naxat Sealed,Canada,Collectibles:Animation Art & Merchandise:Animation Merchandise:Other Animation Merchandise,3000,Used,2,0,,Active,FixedPriceItem,451.06,1,2026-09-13T05:01:20.000Z,https://www.ebay.com/itm/Summer-Carnival-92-Recca-Famicom-Promotional-T-Shirt-Naxat-Sealed-/377492013865
1736,377492019575,Verano Carnaval 92 Recca Famicom Promocional Camiseta Naxat Sellado,Spain,Coleccionismo:Dibujos animados,3000,Usado,2,0,,Active,FixedPriceItem,280.72,1,2026-09-13T05:06:57.000Z,https://www.ebay.com/itm/Verano-Carnaval-92-Recca-Famicom-Promocional-Camiseta-Naxat-Sellado-/377492019575
1736,377492019984,Maglietta promozionale Summer Carnival 92 Recca Famicom Naxat sigillata,Italy,Collezionismo:Personaggi da collezione:Altri personaggi,3000,Usato,2,0,,Active,FixedPriceItem,280.72,1,2026-09-13T05:07:29.000Z,https://www.ebay.com/itm/Maglietta-promozionale-Summer-Carnival-92-Recca-Famicom-Naxat-sigillata-/377492019984
1736,377492021882,Summer Carnival 92 Recca Famicom Promotional T-Shirt Naxat Sealed,UK,Collectables:Animation Art & Merchandise:Animation Merchandise:Other Animation Merchandise,3000,Used,2,0,,Active,FixedPriceItem,241.02,1,2026-09-13T05:09:50.000Z,https://www.ebay.com/itm/Summer-Carnival-92-Recca-Famicom-Promotional-T-Shirt-Naxat-Sealed-/377492021882
1736,377492022954,T-shirt promotionnel Summer Carnival 92 Recca Famicom Naxat scellé,France,Collections:Autres,3000,Occasion,2,0,,Active,FixedPriceItem,280.72,1,2026-09-13T05:10:14.000Z,https://www.ebay.com/itm/T-shirt-promotionnel-Summer-Carnival-92-Recca-Famicom-Naxat-scelle-/377492022954
1736,377492028654,Sommer Karneval 92 Recca Famicom Werbe T-Shirt Naxat versiegelt,Germany,Sammeln & Seltenes:Animationskunst & Merchandising:Animations Merchandising:Sonstige,3000,Gebraucht,2,0,,Active,FixedPriceItem,280.72,1,2026-09-13T05:12:57.000Z,https://www.ebay.com/itm/Sommer-Karneval-92-Recca-Famicom-Werbe-T-Shirt-Naxat-versiegelt-/377492028654
1808,377523402520,Buffalo Zine No.3 Magazine JW Anderson Vivienne Rare Fashion Japan Import,US,Books & Magazines:Books,2750,Like New,2,0,,Active,FixedPriceItem,389.0,1,2026-09-26T01:27:32.000Z,https://www.ebay.com/itm/Buffalo-Zine-No-3-Magazine-JW-Anderson-Vivienne-Rare-Fashion-Japan-Import-/377523402520
1808,377523776915,Buffalo Zine No.3 Magazine JW Anderson Vivienne Rare Fashion Japan Import,Australia,"Books, Comics & Magazines:Books",2750,Like new,2,0,,Active,FixedPriceItem,465.27,1,2026-09-26T04:36:47.000Z,https://www.ebay.com/itm/Buffalo-Zine-No-3-Magazine-JW-Anderson-Vivienne-Rare-Fashion-Japan-Import-/377523776915
1808,377523778401,Buffalo Zine No.3 Magazine JW Anderson Vivienne Rare Fashion Japan Import,Canada,Books & Magazines:Books,2750,Like New,2,0,,Active,FixedPriceItem,462.1,1,2026-09-26T04:38:22.000Z,https://www.ebay.com/itm/Buffalo-Zine-No-3-Magazine-JW-Anderson-Vivienne-Rare-Fashion-Japan-Import-/377523778401
1808,377523699708,Buffalo Zine No.3 Magazine JW Anderson Vivienne Rare Fashion Japan Import,UK,"Books, Comics & Magazines:Books",2750,Like New,2,0,,Active,FixedPriceItem,246.67,1,2026-09-26T03:53:50.000Z,https://www.ebay.com/itm/Buffalo-Zine-No-3-Magazine-JW-Anderson-Vivienne-Rare-Fashion-Japan-Import-/377523699708
1808,377523777374,Buffalo Zine No.3 Magazine JW Anderson Vivienne Rare Fashion Japan Import,Italy,Libri e riviste:Altro libri e riviste,2750,Come Nuovo,2,0,,Active,FixedPriceItem,286.86,1,2026-09-26T04:37:06.000Z,https://www.ebay.com/itm/Buffalo-Zine-No-3-Magazine-JW-Anderson-Vivienne-Rare-Fashion-Japan-Import-/377523777374
1808,377523778036,Buffalo Zine No.3 Magazine JW Anderson Vivienne Rara Moda Japón Importación,Spain,"Libros, revistas y cómics:Otros",2750,Como nuevo,2,0,,Active,FixedPriceItem,286.86,1,2026-09-26T04:37:59.000Z,https://www.ebay.com/itm/Buffalo-Zine-No-3-Magazine-JW-Anderson-Vivienne-Rara-Moda-Japon-Importacion-/377523778036
1808,377523789285,Buffalo Zine No.3 Magazin JW Anderson Vivienne seltene Mode Japan Import,Germany,Bücher & Zeitschriften:Bücher,2750,Neuwertig,2,0,,Active,FixedPriceItem,286.86,1,2026-09-26T04:46:26.000Z,https://www.ebay.com/itm/Buffalo-Zine-No-3-Magazin-JW-Anderson-Vivienne-seltene-Mode-Japan-Import-/377523789285
1808,377523998134,Buffalo Zine No.3 Magazine JW Anderson Vivienne Rare Fashion Japan Import,France,"Livres, BD, revues:Autres",2750,Comme neuf,2,0,,Active,FixedPriceItem,286.86,1,2026-09-26T07:09:21.000Z,https://www.ebay.com/itm/Buffalo-Zine-No-3-Magazine-JW-Anderson-Vivienne-Rare-Fashion-Japan-Import-/377523998134
182,377511393658,Bungo Stray Dogs POP UP PARADE Chuya Nakahara Figure Used Very Good Condition,Australia,Collectables:Animation Art & Merchandise:Animation Merchandise:Figures & Statues,3000,Used,2,0,,Active,FixedPriceItem,251.57,1,2026-09-20T23:59:53.000Z,https://www.ebay.com/itm/Bungo-Stray-Dogs-POP-UP-PARADE-Chuya-Nakahara-Figure-Used-Very-Good-Condition-/377511393658
182,377511368845,Bungo Stray Dogs POP UP PARADE Chuya Nakahara Figure Used Very Good Condition,US,Collectibles:Animation Art & Merchandise:Animation Merchandise:Figures & Statues,3000,Used,2,0,,Active,FixedPriceItem,210.0,1,2026-09-20T23:37:16.000Z,https://www.ebay.com/itm/Bungo-Stray-Dogs-POP-UP-PARADE-Chuya-Nakahara-Figure-Used-Very-Good-Condition-/377511368845
182,377511376998,Bungo Stray Dogs POP UP PARADE Chuya Nakahara Figure Used Very Good Condition,Canada,Collectibles:Animation Art & Merchandise:Animation Merchandise:Figures & Statues,3000,Used,2,0,,Active,FixedPriceItem,249.4,1,2026-09-20T23:45:43.000Z,https://www.ebay.com/itm/Bungo-Stray-Dogs-POP-UP-PARADE-Chuya-Nakahara-Figure-Used-Very-Good-Condition-/377511376998
182,377511390119,Figurine Bungo Stray Dogs POP UP PARADE Chuya Nakahara occasion très bon état,France,Collections:Autres,3000,Occasion,2,0,,Active,FixedPriceItem,155.01,1,2026-09-20T23:55:42.000Z,https://www.ebay.com/itm/Figurine-Bungo-Stray-Dogs-POP-UP-PARADE-Chuya-Nakahara-occasion-tres-bon-etat-/377511390119
182,377511393504,Bungo Stray Dogs POP UP PARADE Chuya Nakahara Figur gebraucht sehr guter Zustand,Germany,Sammeln & Seltenes:Figuren & Statuen:Aufstellfiguren & Statuen,3000,Gebraucht,2,0,,Active,FixedPriceItem,155.01,1,2026-09-20T23:59:36.000Z,https://www.ebay.com/itm/Bungo-Stray-Dogs-POP-UP-PARADE-Chuya-Nakahara-Figur-gebraucht-sehr-guter-Zustand-/377511393504
182,377511399104,Modellino Bungo Stray Dogs POP UP PARADE Chuya Nakahara usato in ottime condi...,Italy,Collezionismo:Personaggi da collezione:Altri personaggi,3000,Usato,2,0,,Active,FixedPriceItem,155.01,1,2026-09-21T00:01:48.000Z,https://www.ebay.com/itm/Modellino-Bungo-Stray-Dogs-POP-UP-PARADE-Chuya-Nakahara-usato-ottime-condi-/377511399104
182,377511420118,Bungo Stray Dogs POP UP PARADE Chuya Nakahara Figure Used Very Good Condition,UK,Collectables:Animation Art & Merchandise:Animation Merchandise:Figures & Statues,3000,Used,2,0,,Active,FixedPriceItem,133.44,1,2026-09-21T00:13:18.000Z,https://www.ebay.com/itm/Bungo-Stray-Dogs-POP-UP-PARADE-Chuya-Nakahara-Figure-Used-Very-Good-Condition-/377511420118
182,377511426028,Figura Bungo Stray Dogs POP UP PARADE Chuya Nakahara Usada Muy Buen Estado,Spain,Coleccionismo:Dibujos animados,3000,Usado,2,0,,Active,FixedPriceItem,155.01,1,2026-09-21T00:16:33.000Z,https://www.ebay.com/itm/Figura-Bungo-Stray-Dogs-POP-UP-PARADE-Chuya-Nakahara-Usada-Muy-Buen-Estado-/377511426028
1822,377451429708,Weiss Schwarz Nisekoi Chitoge Kirisaki SP W30-T07SP Signed Card Japan Import,Australia,Toys & Hobbies:Collectable Card Games:CCG Individual Cards,4000,Ungraded,2,0,,Active,FixedPriceItem,308.58,1,2026-08-27T14:40:57.000Z,https://www.ebay.com/itm/Weiss-Schwarz-Nisekoi-Chitoge-Kirisaki-SP-W30-T07SP-Signed-Card-Japan-Import-/377451429708
1822,377451378730,Weiss Schwarz Nisekoi Chitoge Kirisaki SP W30-T07SP Signed Card Japan Import,US,Toys & Hobbies:Collectible Card Games:CCG Individual Cards,4000,Ungraded,2,0,,Active,FixedPriceItem,258.0,1,2026-08-27T14:09:14.000Z,https://www.ebay.com/itm/Weiss-Schwarz-Nisekoi-Chitoge-Kirisaki-SP-W30-T07SP-Signed-Card-Japan-Import-/377451378730
1822,377451400022,Weiss Schwarz Nisekoi Chitoge Kirisaki SP W30-T07SP Signed Card Japan Import,Canada,Toys & Hobbies:Collectible Card Games:CCG Individual Cards,4000,Ungraded,2,0,,Active,FixedPriceItem,306.48,1,2026-08-27T14:19:42.000Z,https://www.ebay.com/itm/Weiss-Schwarz-Nisekoi-Chitoge-Kirisaki-SP-W30-T07SP-Signed-Card-Japan-Import-/377451400022
1822,377451427039,Weiss Schwarz Nisekoi Chitoge Kirisaki SP W30-T07SP Signed Card Japan Import,Germany,Sammeln & Seltenes:Sammelkartenspiele/TCGs:TCG Einzelkarten,4000,Nicht bewertet,2,0,,Active,FixedPriceItem,190.25,1,2026-08-27T14:38:33.000Z,https://www.ebay.com/itm/Weiss-Schwarz-Nisekoi-Chitoge-Kirisaki-SP-W30-T07SP-Signed-Card-Japan-Import-/377451427039
1822,377451428872,Carte signée Weiss Schwarz Nisekoi Chitoge Kirisaki SP W30-T07SP import Japon,France,Collections:Jeux de cartes à collectionner:JCC : cartes à l'unité,4000,Non gradée,2,0,,Active,FixedPriceItem,190.25,1,2026-08-27T14:40:18.000Z,https://www.ebay.com/itm/Carte-signee-Weiss-Schwarz-Nisekoi-Chitoge-Kirisaki-SP-W30-T07SP-import-Japon-/377451428872
1822,377451430130,Bianco Nero Nisekoi Chitoge Kirisaki SP W30-T07SP Signed Card Japan Import,Italy,Collezionismo:Giochi di carte collezionabili:GCC: carte singole,4000,Non gradata,2,0,,Active,FixedPriceItem,190.25,1,2026-08-27T14:41:24.000Z,https://www.ebay.com/itm/Bianco-Nero-Nisekoi-Chitoge-Kirisaki-SP-W30-T07SP-Signed-Card-Japan-Import-/377451430130
1822,377451530412,Weiss Schwarz Nisekoi Chitoge Kirisaki SP W30-T07SP Signed Card Japan Import,UK,Collectables:Collectable Card Games:CCG Individual Cards,4000,Ungraded,2,0,,Active,FixedPriceItem,163.6,1,2026-08-27T15:40:22.000Z,https://www.ebay.com/itm/Weiss-Schwarz-Nisekoi-Chitoge-Kirisaki-SP-W30-T07SP-Signed-Card-Japan-Import-/377451530412
1822,377451637604,Blanco Negro Nisekoi Chitoge Kirisaki SP W30-T07SP Signed Card Japón Import,Spain,Coleccionismo:Juegos de cartas coleccionables:Cartas sueltas,4000,Sin clasificar,2,0,,Active,FixedPriceItem,190.25,1,2026-08-27T16:41:13.000Z,https://www.ebay.com/itm/Blanco-Negro-Nisekoi-Chitoge-Kirisaki-SP-W30-T07SP-Signed-Card-Japon-Import-/377451637604
1858,377472789112,Pokemon Card Deoxys ex 006/015 1st Edition Constructed Starter Deck PCG Japan,US,Toys & Hobbies:Collectible Card Games:CCG Individual Cards,4000,Ungraded,2,0,,Active,FixedPriceItem,298.0,1,2026-09-05T11:39:01.000Z,https://www.ebay.com/itm/Pokemon-Card-Deoxys-ex-006-015-1st-Edition-Constructed-Starter-Deck-PCG-Japan-/377472789112
1858,377472836711,Pokemon Card Deoxys ex 006/015 1st Edition Constructed Starter Deck PCG Japan,Canada,Toys & Hobbies:Collectible Card Games:CCG Individual Cards,4000,Ungraded,2,0,,Active,FixedPriceItem,347.22,1,2026-09-05T12:01:42.000Z,https://www.ebay.com/itm/Pokemon-Card-Deoxys-ex-006-015-1st-Edition-Constructed-Starter-Deck-PCG-Japan-/377472836711
1858,377472961663,Pokemon Card Deoxys ex 006/015 1st Edition Constructed Starter Deck PCG Japan,Australia,Toys & Hobbies:Collectable Card Games:CCG Individual Cards,4000,Ungraded,2,0,,Active,FixedPriceItem,349.17,1,2026-09-05T13:03:36.000Z,https://www.ebay.com/itm/Pokemon-Card-Deoxys-ex-006-015-1st-Edition-Constructed-Starter-Deck-PCG-Japan-/377472961663
1858,377472909954,Pokemon Card Deoxys ex 006/015 1st Edition Constructed Starter Deck PCG Japan,UK,Collectables:Collectable Card Games:CCG Individual Cards,4000,Ungraded,2,0,,Active,FixedPriceItem,185.09,1,2026-09-05T12:38:35.000Z,https://www.ebay.com/itm/Pokemon-Card-Deoxys-ex-006-015-1st-Edition-Constructed-Starter-Deck-PCG-Japan-/377472909954
1858,377472910562,Pokemon Karte Deoxys ex 006/015 1.Edition Konstruiert Starter Deck PCG Japan,Germany,Sammeln & Seltenes:Sammelkartenspiele/TCGs:TCG Einzelkarten,4000,Nicht bewertet,2,0,,Active,FixedPriceItem,215.81,1,2026-09-05T12:39:15.000Z,https://www.ebay.com/itm/Pokemon-Karte-Deoxys-ex-006-015-1-Edition-Konstruiert-Starter-Deck-PCG-Japan-/377472910562
1858,377472997199,Pokemon Card Deoxys ex 006/015 1st Edition Constructed Starter Deck PCG Japón,Spain,Coleccionismo:Juegos de cartas coleccionables:Cartas sueltas,4000,Sin clasificar,2,0,,Active,FixedPriceItem,215.81,1,2026-09-05T13:24:25.000Z,https://www.ebay.com/itm/Pokemon-Card-Deoxys-ex-006-015-1st-Edition-Constructed-Starter-Deck-PCG-Japon-/377472997199
1858,377473038096,Carte Pokemon Deoxys ex 006/015 1ère édition Constructed Starter Deck PCG Japon,France,Collections:Jeux de cartes à collectionner:JCC : cartes à l'unité,4000,Non gradée,2,0,,Active,FixedPriceItem,215.81,1,2026-09-05T13:47:24.000Z,https://www.ebay.com/itm/Carte-Pokemon-Deoxys-ex-006-015-1ere-edition-Constructed-Starter-Deck-PCG-Japon-/377473038096
1858,377473477405,Carta Pokemon Deoxys ex 006/015 1° Edizione Starter Deck Costruito PCG Giappone,Italy,Collezionismo:Giochi di carte collezionabili:GCC: carte singole,4000,Non gradata,2,0,,Active,FixedPriceItem,215.81,1,2026-09-05T17:22:56.000Z,https://www.ebay.com/itm/Carta-Pokemon-Deoxys-ex-006-015-1-Edizione-Starter-Deck-Costruito-PCG-Giappone-/377473477405
190,377537489283,Masaaki Yuasa Sketchbook for Animation Project Second Printing Art Book Used,US,Collectibles:Animation Art & Merchandise:Animation Merchandise:Other Animation Merchandise,3000,Used,2,0,,Active,FixedPriceItem,205.0,1,2026-10-02T01:18:09.000Z,https://www.ebay.com/itm/Masaaki-Yuasa-Sketchbook-Animation-Project-Second-Printing-Art-Book-Used-/377537489283
191,377487691192,hololive 4th fes. Our Bright Parade 3 Blu-ray Disc Set Photobook 2023 Used,Australia,Movies & TV:DVDs & Blu-ray Discs,4000,Very good,2,0,,Active,FixedPriceItem,215.69,1,2026-09-11T03:12:44.000Z,https://www.ebay.com/itm/hololive-4th-fes-Our-Bright-Parade-3-Blu-ray-Disc-Set-Photobook-2023-Used-/377487691192
191,377487617470,hololive 4th fes. Our Bright Parade 3 Blu-ray Disc Set Photobook 2023 Used,US,Movies & TV:DVDs & Blu-ray Discs,4000,Very Good,2,0,,Active,FixedPriceItem,182.0,1,2026-09-11T02:19:26.000Z,https://www.ebay.com/itm/hololive-4th-fes-Our-Bright-Parade-3-Blu-ray-Disc-Set-Photobook-2023-Used-/377487617470
191,377487655784,hololive 4th fes. Our Bright Parade 3 Blu-ray Disc Set Photobook 2023 Used,UK,Films & TV:DVDs & Blu-rays,4000,Very Good,2,0,,Active,FixedPriceItem,114.25,1,2026-09-11T02:46:25.000Z,https://www.ebay.com/itm/hololive-4th-fes-Our-Bright-Parade-3-Blu-ray-Disc-Set-Photobook-2023-Used-/377487655784
191,377487690590,hololive 4th fes. Unser Bright Parade 3 Blu-ray Disc Set Fotobuch 2023 gebraucht,Germany,Filme & Serien:DVDs & Blu-rays,4000,Sehr gut,2,0,,Active,FixedPriceItem,133.34,1,2026-09-11T03:11:52.000Z,https://www.ebay.com/itm/hololive-4th-fes-Unser-Bright-Parade-3-Blu-ray-Disc-Set-Fotobuch-2023-gebraucht-/377487690590
191,377487693096,hololive 4th fes. Il nostro album fotografico Bright Parade 3 Blu-ray Disc Se...,Italy,Film e DVD:DVD e Blu-ray,4000,Ottime condizioni,2,0,,Active,FixedPriceItem,133.34,1,2026-09-11T03:15:01.000Z,https://www.ebay.com/itm/hololive-4th-fes-Il-nostro-album-fotografico-Bright-Parade-3-Blu-ray-Disc-Se-/377487693096
191,377487775942,hololive 4th fes. Our Bright Parade 3 Blu-ray Disc Set Photobook 2023 Used,Canada,Movies & TV:DVDs & Blu-ray Discs,4000,Very Good,2,0,,Active,FixedPriceItem,213.85,1,2026-09-11T04:16:18.000Z,https://www.ebay.com/itm/hololive-4th-fes-Our-Bright-Parade-3-Blu-ray-Disc-Set-Photobook-2023-Used-/377487775942
191,377487780271,hololivo 4th fes. Nuestro Bright Parade 3 Blu-ray Disc Set Photobook 2023 Usado,Spain,"Cine, DVD y películas:DVD y Blu-ray",4000,En muy buen estado,2,0,,Active,FixedPriceItem,133.34,1,2026-09-11T04:21:57.000Z,https://www.ebay.com/itm/hololivo-4th-fes-Nuestro-Bright-Parade-3-Blu-ray-Disc-Set-Photobook-2023-Usado-/377487780271
191,377487780373,hololive 4th fes. Our Bright Parade 3 Blu-ray Disc Set Photobook 2023 Occasion,France,"DVD, cinéma:DVD, Blu-ray",4000,Très bon état,2,0,,Active,FixedPriceItem,133.34,1,2026-09-11T04:22:08.000Z,https://www.ebay.com/itm/hololive-4th-fes-Our-Bright-Parade-3-Blu-ray-Disc-Set-Photobook-2023-Occasion-/377487780373
213,377537091531,NIGHT CITY MAGAZINE Studiio Trigger Cyberpunk Edgerunners Staff Art Book Used,US,Collectibles:Animation Art & Merchandise:Animation Merchandise:Other Animation Merchandise,3000,Used,2,0,,Active,FixedPriceItem,199.0,1,2026-10-01T21:34:01.000Z,https://www.ebay.com/itm/NIGHT-CITY-MAGAZINE-Studiio-Trigger-Cyberpunk-Edgerunners-Staff-Art-Book-Used-/377537091531
219,377491568988,Olivia Newton-John 40th Anniversary Collection 10 SHM-CD + DVD Used Near Mint,Australia,Music:CDs,4000,Very good,2,0,,Active,FixedPriceItem,826.89,1,2026-09-13T00:34:09.000Z,https://www.ebay.com/itm/Olivia-Newton-John-40th-Anniversary-Collection-10-SHM-CD-DVD-Used-Near-Mint-/377491568988
219,377491515837,Olivia Newton-John 40th Anniversary Collection 10 SHM-CD + DVD Used Near Mint,US,Music:CDs,4000,Very Good,2,0,,Active,FixedPriceItem,700.0,1,2026-09-12T23:58:05.000Z,https://www.ebay.com/itm/Olivia-Newton-John-40th-Anniversary-Collection-10-SHM-CD-DVD-Used-Near-Mint-/377491515837
219,377491545912,Olivia Newton-John 40th Anniversary Collection 10 SHM-CD + DVD Used Near Mint,Canada,Music:CDs,4000,Very Good,2,0,,Active,FixedPriceItem,822.67,1,2026-09-13T00:15:27.000Z,https://www.ebay.com/itm/Olivia-Newton-John-40th-Anniversary-Collection-10-SHM-CD-DVD-Used-Near-Mint-/377491545912
219,377491549973,Olivia Newton-John 40th Anniversary Collection 10 SHM-CD + DVD usato quasi nuovo,Italy,"Musica, CD e vinili:CD",4000,Ottime condizioni,2,0,,Active,FixedPriceItem,512.37,1,2026-09-13T00:21:20.000Z,https://www.ebay.com/itm/Olivia-Newton-John-40th-Anniversary-Collection-10-SHM-CD-DVD-usato-quasi-nuovo-/377491549973
219,377491560039,Olivia Newton-John 40th Anniversary Collection 10 SHM-CD + DVD Used Near Mint,UK,Music:CDs,4000,Very Good,2,0,,Active,FixedPriceItem,440.15,1,2026-09-13T00:29:47.000Z,https://www.ebay.com/itm/Olivia-Newton-John-40th-Anniversary-Collection-10-SHM-CD-DVD-Used-Near-Mint-/377491560039
219,377491568892,Olivia Newton-John 40th Anniversary Collection 10 SHM-CD + DVD usado casi com...,Spain,"Música, CDs y vinilos:CDs",4000,En muy buen estado,2,0,,Active,FixedPriceItem,512.37,1,2026-09-13T00:33:54.000Z,https://www.ebay.com/itm/Olivia-Newton-John-40th-Anniversary-Collection-10-SHM-CD-DVD-usado-casi-com-/377491568892
219,377491570470,Olivia Newton-John 40th Anniversary Collection 10 SHM-CD + DVD d'occasion pre...,France,"Musique, CD, vinyles:CD",4000,Très bon état,2,0,,Active,FixedPriceItem,512.37,1,2026-09-13T00:36:24.000Z,https://www.ebay.com/itm/Olivia-Newton-John-40th-Anniversary-Collection-10-SHM-CD-DVD-doccasion-pre-/377491570470
219,377491571393,Olivia Newton-John 40th Anniversary Collection 10 SHM-CD + DVD Gebraucht Near...,Germany,Musik:CDs,4000,Sehr gut,2,0,,Active,FixedPriceItem,512.37,1,2026-09-13T00:38:11.000Z,https://www.ebay.com/itm/Olivia-Newton-John-40th-Anniversary-Collection-10-SHM-CD-DVD-Gebraucht-Near-/377491571393
263,377498767024,QWER Special LP Beyond the Discord Music Album Used Very Good Condition,US,Music:Vinyl Records,3000,Used,2,0,,Active,FixedPriceItem,440.0,1,2026-09-16T03:11:12.000Z,https://www.ebay.com/itm/QWER-Special-LP-Beyond-Discord-Music-Album-Used-Very-Good-Condition-/377498767024
263,377498838631,QWER Special LP Beyond the Discord Music Album Used Very Good Condition,Canada,Music:Vinyl Records,3000,Used,2,0,,Active,FixedPriceItem,522.54,1,2026-09-16T03:48:10.000Z,https://www.ebay.com/itm/QWER-Special-LP-Beyond-Discord-Music-Album-Used-Very-Good-Condition-/377498838631
263,377498923354,QWER Special LP Beyond the Discord Musik Album Gebraucht Sehr Guter Zustand,Germany,Musik:Weitere Formate,5000,Gut,2,0,,Active,FixedPriceItem,324.78,1,2026-09-16T04:32:44.000Z,https://www.ebay.com/itm/QWER-Special-LP-Beyond-Discord-Musik-Album-Gebraucht-Sehr-Guter-Zustand-/377498923354
263,377499190782,QWER Special LP Beyond the Discord Music Album Used Very Good Condition,Australia,Music:Other Formats,5000,Good,2,0,,Active,FixedPriceItem,527.1,1,2026-09-16T07:30:48.000Z,https://www.ebay.com/itm/QWER-Special-LP-Beyond-Discord-Music-Album-Used-Very-Good-Condition-/377499190782
263,377499196568,QWER Special LP Beyond the Discord Music Album Usado Muy Buen Estado,Spain,"Música, CDs y vinilos:Vinilos",5000,En buen estado,2,0,,Active,FixedPriceItem,324.78,1,2026-09-16T07:32:42.000Z,https://www.ebay.com/itm/QWER-Special-LP-Beyond-Discord-Music-Album-Usado-Muy-Buen-Estado-/377499196568
263,377499198640,Album musicale QWER Special LP Beyond the Discord usato in ottime condizioni,Italy,"Musica, CD e vinili:Vinili",5000,Buone condizioni,2,0,,Active,FixedPriceItem,324.78,1,2026-09-16T07:34:33.000Z,https://www.ebay.com/itm/Album-musicale-QWER-Special-LP-Beyond-Discord-usato-ottime-condizioni-/377499198640
263,377499199185,QWER Special LP Beyond the Discord Music Album Used Very Good Condition,UK,Music:Other Formats,5000,Good,2,0,,Active,FixedPriceItem,279.59,1,2026-09-16T07:35:06.000Z,https://www.ebay.com/itm/QWER-Special-LP-Beyond-Discord-Music-Album-Used-Very-Good-Condition-/377499199185
263,377500209374,QWER Special LP Beyond the Discord Music Album Occasion très bon état,France,"Musique, CD, vinyles:Vinyles",3000,Occasion,2,0,,Active,FixedPriceItem,324.78,1,2026-09-16T15:18:07.000Z,https://www.ebay.com/itm/QWER-Special-LP-Beyond-Discord-Music-Album-Occasion-tres-bon-etat-/377500209374
270,377496197065,Kemono Friends Lying Down Plush Toy Sand Cat Nesoberi Used Good Condition,US,Collectibles:Animation Art & Merchandise:Animation Merchandise:Plush Items,3000,Used,2,0,,Active,FixedPriceItem,130.0,1,2026-09-15T03:32:55.000Z,https://www.ebay.com/itm/Kemono-Friends-Lying-Down-Plush-Toy-Sand-Cat-Nesoberi-Used-Good-Condition-/377496197065
270,377496330148,Kemono Friends Lying Down Plush Toy Sand Cat Nesoberi Used Good Condition,Australia,Collectables:Animation Art & Merchandise:Animation Merchandise:Plush Items,3000,Used,2,0,,Active,FixedPriceItem,151.25,1,2026-09-15T04:51:56.000Z,https://www.ebay.com/itm/Kemono-Friends-Lying-Down-Plush-Toy-Sand-Cat-Nesoberi-Used-Good-Condition-/377496330148
270,377496249578,Kemono Friends Lying Down Plush Toy Sand Cat Nesoberi Used Good Condition,Canada,Collectibles:Animation Art & Merchandise:Animation Merchandise:Plush Items,3000,Used,2,0,,Active,FixedPriceItem,150.74,1,2026-09-15T04:08:22.000Z,https://www.ebay.com/itm/Kemono-Friends-Lying-Down-Plush-Toy-Sand-Cat-Nesoberi-Used-Good-Condition-/377496249578
270,377496324391,Peluche Kemono Friends couché chat sable Nesoberi occasion bon état,France,Collections:Autres,3000,Occasion,2,0,,Active,FixedPriceItem,93.81,1,2026-09-15T04:50:20.000Z,https://www.ebay.com/itm/Peluche-Kemono-Friends-couche-chat-sable-Nesoberi-occasion-bon-etat-/377496324391
270,377496329866,Peluche Kemono Friends sdraiato gatto sabbia Nesoberi usato buone condizioni,Italy,Collezionismo:Personaggi da collezione:Altri personaggi,3000,Usato,2,0,,Active,FixedPriceItem,93.81,1,2026-09-15T04:51:49.000Z,https://www.ebay.com/itm/Peluche-Kemono-Friends-sdraiato-gatto-sabbia-Nesoberi-usato-buone-condizioni-/377496329866
270,377496330859,Kemono Friends liegendes Plüschtier Sandkatze Nesoberi gebraucht guter Zustand,Germany,Sammeln & Seltenes:Animationskunst & Merchandising:Animations Merchandising:Plüschtiere,3000,Gebraucht,2,0,,Active,FixedPriceItem,93.81,1,2026-09-15T04:52:15.000Z,https://www.ebay.com/itm/Kemono-Friends-liegendes-Pluschtier-Sandkatze-Nesoberi-gebraucht-guter-Zustand-/377496330859
270,377496331647,Juguete de peluche Kemono Friends acostado gato arena Nesoberi usado buen estado,Spain,Coleccionismo:Dibujos animados,3000,Usado,2,0,,Active,FixedPriceItem,93.81,1,2026-09-15T04:52:32.000Z,https://www.ebay.com/itm/Juguete-peluche-Kemono-Friends-acostado-gato-arena-Nesoberi-usado-buen-estado-/377496331647
270,377496480680,Kemono Friends Lying Down Plush Toy Sand Cat Nesoberi Used Good Condition,UK,Collectables:Animation Art & Merchandise:Animation Merchandise:Other Animation Merchandise,3000,Used,2,0,,Active,FixedPriceItem,80.55,1,2026-09-15T06:35:25.000Z,https://www.ebay.com/itm/Kemono-Friends-Lying-Down-Plush-Toy-Sand-Cat-Nesoberi-Used-Good-Condition-/377496480680
339,377485511169,Union Arena Sword Art Online Asuna EX08BT/SAO-2-042 SR2 Parallel Near Mint,US,Toys & Hobbies:Collectible Card Games:CCG Individual Cards,4000,Ungraded,2,0,,Active,FixedPriceItem,610.0,1,2026-09-10T04:49:27.000Z,https://www.ebay.com/itm/Union-Arena-Sword-Art-Online-Asuna-EX08BT-SAO-2-042-SR2-Parallel-Near-Mint-/377485511169
339,377485674721,Union Arena Sword Art Online Asuna EX08BT/SAO-2-042 SR2 Parallel Near Mint,Canada,Toys & Hobbies:Collectible Card Games:CCG Individual Cards,4000,Ungraded,2,0,,Active,FixedPriceItem,707.62,1,2026-09-10T06:36:14.000Z,https://www.ebay.com/itm/Union-Arena-Sword-Art-Online-Asuna-EX08BT-SAO-2-042-SR2-Parallel-Near-Mint-/377485674721
339,377485703241,Union Arena Sword Art Online Asuna EX08BT/SAO-2-042 SR2 Parallel Near Mint,France,Collections:Jeux de cartes à collectionner:JCC : cartes à l'unité,4000,Non gradée,2,0,,Active,FixedPriceItem,440.61,1,2026-09-10T06:57:38.000Z,https://www.ebay.com/itm/Union-Arena-Sword-Art-Online-Asuna-EX08BT-SAO-2-042-SR2-Parallel-Near-Mint-/377485703241
339,377485728461,Union Arena Sword Art Online Asuna EX08BT/SAO-2-042 SR2 Parallel Near Mint,Italy,Collezionismo:Giochi di carte collezionabili:GCC: carte singole,4000,Non gradata,2,0,,Active,FixedPriceItem,440.61,1,2026-09-10T07:14:12.000Z,https://www.ebay.com/itm/Union-Arena-Sword-Art-Online-Asuna-EX08BT-SAO-2-042-SR2-Parallel-Near-Mint-/377485728461
339,377485729115,Union Arena Sword Art Online Asuna EX08BT/SAO-2-042 SR2 Parallel Near Mint,Germany,Sammeln & Seltenes:Sammelkartenspiele/TCGs:TCG Einzelkarten,4000,Nicht bewertet,2,0,,Active,FixedPriceItem,440.61,1,2026-09-10T07:15:01.000Z,https://www.ebay.com/itm/Union-Arena-Sword-Art-Online-Asuna-EX08BT-SAO-2-042-SR2-Parallel-Near-Mint-/377485729115
339,377486076186,Union Arena Sword Art Online Asuna EX08BT/SAO-2-042 SR2 paralelo casi como nuevo,Spain,Coleccionismo:Juegos de cartas coleccionables:Cartas sueltas,4000,Sin clasificar,2,0,,Active,FixedPriceItem,440.61,1,2026-09-10T09:55:34.000Z,https://www.ebay.com/itm/Union-Arena-Sword-Art-Online-Asuna-EX08BT-SAO-2-042-SR2-paralelo-casi-como-nuevo-/377486076186
339,377486076516,Union Arena Sword Art Online Asuna EX08BT/SAO-2-042 SR2 Parallel Near Mint,UK,Collectables:Collectable Card Games:CCG Individual Cards,4000,Ungraded,2,0,,Active,FixedPriceItem,378.25,1,2026-09-10T09:55:52.000Z,https://www.ebay.com/itm/Union-Arena-Sword-Art-Online-Asuna-EX08BT-SAO-2-042-SR2-Parallel-Near-Mint-/377486076516
339,377486227942,Union Arena Sword Art Online Asuna EX08BT/SAO-2-042 SR2 Parallel Near Mint,Australia,Toys & Hobbies:Collectable Card Games:CCG Individual Cards,4000,Ungraded,2,0,,Active,FixedPriceItem,709.67,1,2026-09-10T11:10:42.000Z,https://www.ebay.com/itm/Union-Arena-Sword-Art-Online-Asuna-EX08BT-SAO-2-042-SR2-Parallel-Near-Mint-/377486227942
403,377534855611,Buzzmod. NieR: Automata Ver1.1a 2B 1/12 Scale Action Figure ANIPLEX Used,US,Toys & Hobbies:Action Figures & Accessories:Action Figures,3000,Used,2,0,,Active,FixedPriceItem,135.0,1,2026-09-30T23:14:50.000Z,https://www.ebay.com/itm/Buzzmod-NieR-Automata-Ver1-1a-2B-1-12-Scale-Action-Figure-ANIPLEX-Used-/377534855611
455,377501161902,Neru Akita VOCALOID Nendoroid Plus Plushie Series 48 Gift Plush Doll Used,Australia,Collectables:Animation Art & Merchandise:Animation Merchandise:Plush Items,3000,Used,2,0,,Active,FixedPriceItem,1167.81,1,2026-09-16T22:36:51.000Z,https://www.ebay.com/itm/Neru-Akita-VOCALOID-Nendoroid-Plus-Plushie-Series-48-Gift-Plush-Doll-Used-/377501161902
455,377501161617,Neru Akita VOCALOID Nendoroid Plus Plushie Series 48 Gift Plush Doll Used,US,Collectibles:Animation Art & Merchandise:Animation Merchandise:Plush Items,3000,Used,2,0,,Active,FixedPriceItem,990.0,1,2026-09-16T22:36:36.000Z,https://www.ebay.com/itm/Neru-Akita-VOCALOID-Nendoroid-Plus-Plushie-Series-48-Gift-Plush-Doll-Used-/377501161617
455,377501162215,Peluche pupazzo Neru Akita VOCALOID Nendoroid Plus Plushie serie 48 regalo usato,Italy,Collezionismo:Personaggi da collezione:Altri personaggi,3000,Usato,2,0,,Active,FixedPriceItem,724.01,1,2026-09-16T22:37:12.000Z,https://www.ebay.com/itm/Peluche-pupazzo-Neru-Akita-VOCALOID-Nendoroid-Plus-Plushie-serie-48-regalo-usato-/377501162215
455,377501178252,Neru Akita VOCALOID Nendoroid Plus Plushie Series 48 Gift Plush Doll Used,UK,Collectables:Animation Art & Merchandise:Animation Merchandise:Plush Items,3000,Used,2,0,,Active,FixedPriceItem,620.83,1,2026-09-16T22:44:26.000Z,https://www.ebay.com/itm/Neru-Akita-VOCALOID-Nendoroid-Plus-Plushie-Series-48-Gift-Plush-Doll-Used-/377501178252
455,377501183047,Neru Akita VOCALOID Nendoroid Plus Plushie Series 48 Gift Plush Doll Used,Canada,Collectibles:Animation Art & Merchandise:Animation Merchandise:Plush Items,3000,Used,2,0,,Active,FixedPriceItem,1163.16,1,2026-09-16T22:46:31.000Z,https://www.ebay.com/itm/Neru-Akita-VOCALOID-Nendoroid-Plus-Plushie-Series-48-Gift-Plush-Doll-Used-/377501183047
455,377501184213,Peluche Neru Akita VOCALOID Nendoroid Plus série 48 cadeau poupée d'occasion,France,Collections:Autres,3000,Occasion,2,0,,Active,FixedPriceItem,724.01,1,2026-09-16T22:47:36.000Z,https://www.ebay.com/itm/Peluche-Neru-Akita-VOCALOID-Nendoroid-Plus-serie-48-cadeau-poupee-doccasion-/377501184213
455,377501184916,Muñeca de peluche Neru Akita VOCALOID Nendoroid Plus serie 48 regalo usada,Spain,Coleccionismo:Dibujos animados,3000,Usado,2,0,,Active,FixedPriceItem,724.01,1,2026-09-16T22:48:14.000Z,https://www.ebay.com/itm/Muneca-peluche-Neru-Akita-VOCALOID-Nendoroid-Plus-serie-48-regalo-usada-/377501184916
455,377501185454,Neru Akita VOCALOID Nendoroid Plus Plus Plushie Serie 48 Geschenk Plüsch Pupp...,Germany,Sammeln & Seltenes:Animationskunst & Merchandising:Animations Merchandising:Sonstige,3000,Gebraucht,2,0,,Active,FixedPriceItem,724.01,1,2026-09-16T22:48:39.000Z,https://www.ebay.com/itm/Neru-Akita-VOCALOID-Nendoroid-Plus-Plus-Plushie-Serie-48-Geschenk-Plusch-Pupp-/377501185454
533,377530010584,Weiss Schwarz Hina Sorasaki SEC Signed FOIL Blue Archive BAV/W129-041EX Used,US,Toys & Hobbies:Collectible Card Games:CCG Individual Cards,4000,Ungraded,2,0,,Active,FixedPriceItem,294.0,1,2026-09-29T00:36:25.000Z,https://www.ebay.com/itm/Weiss-Schwarz-Hina-Sorasaki-SEC-Signed-FOIL-Blue-Archive-BAV-W129-041EX-Used-/377530010584
533,377530251426,Weiss Schwarz Hina Sorasaki SEC Signed FOIL Blue Archive BAV/W129-041EX Used,Australia,Toys & Hobbies:Collectable Card Games:CCG Individual Cards,4000,Ungraded,2,0,,Active,FixedPriceItem,342.06,1,2026-09-29T02:18:22.000Z,https://www.ebay.com/itm/Weiss-Schwarz-Hina-Sorasaki-SEC-Signed-FOIL-Blue-Archive-BAV-W129-041EX-Used-/377530251426
533,377530163801,Weiss Schwarz Hina Sorasaki SEC Signed FOIL Blue Archive BAV/W129-041EX Used,Canada,Toys & Hobbies:Collectible Card Games:CCG Individual Cards,4000,Ungraded,2,0,,Active,FixedPriceItem,340.91,1,2026-09-29T01:52:10.000Z,https://www.ebay.com/itm/Weiss-Schwarz-Hina-Sorasaki-SEC-Signed-FOIL-Blue-Archive-BAV-W129-041EX-Used-/377530163801
533,377530199756,Weiss Schwarz Hina Sorasaki SEC signé FOIL Blue Archive BAV/W129-041EX utilisé,France,Collections:Jeux de cartes à collectionner:JCC : cartes à l'unité,4000,Non gradée,2,0,,Active,FixedPriceItem,212.17,1,2026-09-29T02:06:52.000Z,https://www.ebay.com/itm/Weiss-Schwarz-Hina-Sorasaki-SEC-signe-FOIL-Blue-Archive-BAV-W129-041EX-utilise-/377530199756
533,377530241840,Weiss Schwarz Hina Sorasaki SEC Signed FOIL Blue Archive BAV/W129-041EX...,Germany,Sammeln & Seltenes:Sammelkartenspiele/TCGs:TCG Einzelkarten,4000,Nicht bewertet,2,0,,Active,FixedPriceItem,212.17,1,2026-09-29T02:15:43.000Z,https://www.ebay.com/itm/Weiss-Schwarz-Hina-Sorasaki-SEC-Signed-FOIL-Blue-Archive-BAV-W129-041EX-/377530241840
533,377530248965,Weiss Schwarz Hina Sorasaki SEC firmato FOIL Blue Archive BAV/W129-041EX usato,Italy,Collezionismo:Giochi di carte collezionabili:GCC: carte singole,4000,Non gradata,2,0,,Active,FixedPriceItem,212.17,1,2026-09-29T02:17:38.000Z,https://www.ebay.com/itm/Weiss-Schwarz-Hina-Sorasaki-SEC-firmato-FOIL-Blue-Archive-BAV-W129-041EX-usato-/377530248965
533,377530250461,Weiss Schwarz Hina Sorasaki SEC Signed FOIL Blue Archive BAV/W129-041EX Used,UK,Collectables:Collectable Card Games:CCG Individual Cards,4000,Ungraded,2,0,,Active,FixedPriceItem,182.15,1,2026-09-29T02:17:57.000Z,https://www.ebay.com/itm/Weiss-Schwarz-Hina-Sorasaki-SEC-Signed-FOIL-Blue-Archive-BAV-W129-041EX-Used-/377530250461
533,377530314522,Weiss Schwarz Hina Sorasaki SEC Firmado Foil Blue Archive BAV/W129-041EX Usado,Spain,Coleccionismo:Juegos de cartas coleccionables:Cartas sueltas,4000,Sin clasificar,2,0,,Active,FixedPriceItem,212.17,1,2026-09-29T02:47:47.000Z,https://www.ebay.com/itm/Weiss-Schwarz-Hina-Sorasaki-SEC-Firmado-Foil-Blue-Archive-BAV-W129-041EX-Usado-/377530314522
554,377507104165,Knights of Sidonia Complete Series Season 1 & 2 Blu-ray Box Set Used Good,US,Movies & TV:DVDs & Blu-ray Discs,5000,Good,2,0,,Active,FixedPriceItem,198.0,1,2026-09-19T00:32:32.000Z,https://www.ebay.com/itm/Knights-Sidonia-Complete-Series-Season-1-2-Blu-ray-Box-Set-Used-Good-/377507104165
554,377509083768,Knights of Sidonia Complete Series Season 1 & 2 Blu-ray Box Set Used Good,Australia,Movies & TV:DVDs & Blu-ray Discs,5000,Good,2,0,,Active,FixedPriceItem,233.56,1,2026-09-19T21:12:21.000Z,https://www.ebay.com/itm/Knights-Sidonia-Complete-Series-Season-1-2-Blu-ray-Box-Set-Used-Good-/377509083768
554,377509053561,Knights of Sidonia Complete Series Season 1 & 2 Blu-ray Box Set Used Good,Canada,Movies & TV:DVDs & Blu-ray Discs,5000,Good,2,0,,Active,FixedPriceItem,232.63,1,2026-09-19T20:50:19.000Z,https://www.ebay.com/itm/Knights-Sidonia-Complete-Series-Season-1-2-Blu-ray-Box-Set-Used-Good-/377509053561
554,377509083673,Knights of Sidonia Complete Series Season 1 & 2 Blu-ray Box Set Used Good,UK,Films & TV:DVDs & Blu-rays,5000,Good,2,0,,Active,FixedPriceItem,124.17,1,2026-09-19T21:12:14.000Z,https://www.ebay.com/itm/Knights-Sidonia-Complete-Series-Season-1-2-Blu-ray-Box-Set-Used-Good-/377509083673
554,377509089796,Coffret Blu-ray Knights of Sidonia série complète saison 1 et 2 occasion bon,France,"DVD, cinéma:DVD, Blu-ray",5000,Bon état,2,0,,Active,FixedPriceItem,144.8,1,2026-09-19T21:18:48.000Z,https://www.ebay.com/itm/Coffret-Blu-ray-Knights-Sidonia-serie-complete-saison-1-et-2-occasion-bon-/377509089796
554,377509090327,Knights of Sidonia Complete Series Season 1 & 2 Blu-ray Box Set Gebraucht Gut,Germany,Filme & Serien:DVDs & Blu-rays,5000,Gut,2,0,,Active,FixedPriceItem,144.8,1,2026-09-19T21:19:40.000Z,https://www.ebay.com/itm/Knights-Sidonia-Complete-Series-Season-1-2-Blu-ray-Box-Set-Gebraucht-Gut-/377509090327
554,377509105522,Knights of Sidonia Complete Series Temporada 1 y 2 Blu-ray Box Set Usado Bueno,Spain,"Cine, DVD y películas:DVD y Blu-ray",5000,En buen estado,2,0,,Active,FixedPriceItem,144.8,1,2026-09-19T21:32:06.000Z,https://www.ebay.com/itm/Knights-Sidonia-Complete-Series-Temporada-1-y-2-Blu-ray-Box-Set-Usado-Bueno-/377509105522
554,377509106202,Knights of Sidonia serie completa stagione 1 e 2 Blu-ray cofanetto usato buono,Italy,Film e DVD:DVD e Blu-ray,5000,Buone condizioni,2,0,,Active,FixedPriceItem,142.88,1,2026-09-19T21:32:19.000Z,https://www.ebay.com/itm/Knights-Sidonia-serie-completa-stagione-1-e-2-Blu-ray-cofanetto-usato-buono-/377509106202
587,377507104149,SNK Bishoujo Mai Shiranui The King Of Fighters 1998 1/7 Figure Kotobukiya Used,US,Collectibles:Animation Art & Merchandise:Animation Merchandise:Figures & Statues,3000,Used,2,0,,Active,FixedPriceItem,163.0,1,2026-09-19T00:32:32.000Z,https://www.ebay.com/itm/SNK-Bishoujo-Mai-Shiranui-King-Fighters-1998-1-7-Figure-Kotobukiya-Used-/377507104149
587,377508732190,SNK Bishoujo Mai Shiranui The King Of Fighters 1998 1/7 Figure Kotobukiya Used,Australia,Collectables:Animation Art & Merchandise:Animation Merchandise:Figures & Statues,3000,Used,2,0,,Active,FixedPriceItem,192.28,1,2026-09-19T16:33:11.000Z,https://www.ebay.com/itm/SNK-Bishoujo-Mai-Shiranui-King-Fighters-1998-1-7-Figure-Kotobukiya-Used-/377508732190
587,377508784159,Figurina SNK Bishoujo Mai Shiranui The King Of Fighters 1998 1/7 Kotobukiya u...,Italy,Collezionismo:Personaggi da collezione:Altri personaggi,3000,Usato,2,0,,Active,FixedPriceItem,119.2,1,2026-09-19T17:14:52.000Z,https://www.ebay.com/itm/Figurina-SNK-Bishoujo-Mai-Shiranui-King-Fighters-1998-1-7-Kotobukiya-u-/377508784159
587,377508789003,SNK Bishoujo Mai Shiranui The King Of Fighters 1998 1/7 Figur Kotobukiya gebr...,Germany,Sammeln & Seltenes:Figuren & Statuen:Aufstellfiguren & Statuen,3000,Gebraucht,2,0,,Active,FixedPriceItem,119.2,1,2026-09-19T17:15:47.000Z,https://www.ebay.com/itm/SNK-Bishoujo-Mai-Shiranui-King-Fighters-1998-1-7-Figur-Kotobukiya-gebr-/377508789003
587,377508818429,SNK Bishoujo Mai Shiranui The King Of Fighters 1998 1/7 Figure Kotobukiya Used,Canada,Collectibles:Animation Art & Merchandise:Animation Merchandise:Figures & Statues,3000,Used,2,0,,Active,FixedPriceItem,191.51,1,2026-09-19T17:46:41.000Z,https://www.ebay.com/itm/SNK-Bishoujo-Mai-Shiranui-King-Fighters-1998-1-7-Figure-Kotobukiya-Used-/377508818429
587,377508819269,SNK Bishoujo Mai Shiranui The King Of Fighters 1998 1/7 Figura Kotobukiya Usado,Spain,Coleccionismo:Dibujos animados,3000,Usado,2,0,,Active,FixedPriceItem,119.2,1,2026-09-19T17:47:25.000Z,https://www.ebay.com/itm/SNK-Bishoujo-Mai-Shiranui-King-Fighters-1998-1-7-Figura-Kotobukiya-Usado-/377508819269
587,377508855954,SNK Bishoujo Mai Shiranui The King Of Fighters 1998 1/7 Figure Kotobukiya Used,UK,Collectables:Animation Art & Merchandise:Animation Merchandise:Other Animation Merchandise,3000,Used,2,0,,Active,FixedPriceItem,102.22,1,2026-09-19T18:18:03.000Z,https://www.ebay.com/itm/SNK-Bishoujo-Mai-Shiranui-King-Fighters-1998-1-7-Figure-Kotobukiya-Used-/377508855954
587,377508856967,Figurine SNK Bishoujo Mai Shiranui The King Of Fighters 1998 1/7 Kotobukiya O...,France,Collections:Autres,3000,Occasion,2,0,,Active,FixedPriceItem,119.2,1,2026-09-19T18:19:27.000Z,https://www.ebay.com/itm/Figurine-SNK-Bishoujo-Mai-Shiranui-King-Fighters-1998-1-7-Kotobukiya-O-/377508856967
604,377504200900,figma Scarlet NIKKE Goddess of Victory Action Figure Used Near Mint from Japan,Australia,Toys & Hobbies:Action Figures & Accessories:Action Figures,3000,Used,2,0,,Active,FixedPriceItem,195.81,1,2026-09-17T22:16:21.000Z,https://www.ebay.com/itm/figma-Scarlet-NIKKE-Goddess-Victory-Action-Figure-Used-Near-Mint-Japan-/377504200900
604,377504199977,figma Scarlet NIKKE Goddess of Victory Action Figure Used Near Mint from Japan,US,Toys & Hobbies:Action Figures & Accessories:Action Figures,3000,Used,2,0,,Active,FixedPriceItem,166.0,1,2026-09-17T22:15:40.000Z,https://www.ebay.com/itm/figma-Scarlet-NIKKE-Goddess-Victory-Action-Figure-Used-Near-Mint-Japan-/377504199977
604,377504200629,Modellino figma Scarlet NIKKE Goddess of Victory usato quasi nuovo dal Giappone,Italy,Giocattoli e modellismo:Action figure:Altro action figure,3000,Usato,2,0,,Active,FixedPriceItem,121.4,1,2026-09-17T22:16:11.000Z,https://www.ebay.com/itm/Modellino-figma-Scarlet-NIKKE-Goddess-Victory-usato-quasi-nuovo-dal-Giappone-/377504200629
604,377504206527,figma Scarlet NIKKE Goddess of Victory Action Figure Used Near Mint from Japan,Canada,Toys & Hobbies:Action Figures & Accessories:Action Figures,3000,Used,2,0,,Active,FixedPriceItem,195.03,1,2026-09-17T22:21:41.000Z,https://www.ebay.com/itm/figma-Scarlet-NIKKE-Goddess-Victory-Action-Figure-Used-Near-Mint-Japan-/377504206527
604,377504209563,figurine figma écarlate NIKKE déesse de la victoire occasion presque comme ne...,France,"Jouets et jeux:Figurines, statues:Autres",3000,Occasion,2,0,,Active,FixedPriceItem,121.4,1,2026-09-17T22:24:25.000Z,https://www.ebay.com/itm/figurine-figma-ecarlate-NIKKE-deesse-victoire-occasion-presque-comme-ne-/377504209563
604,377504210515,figma Scarlet NIKKE Goddess of Victory Actionfigur gebraucht Near Mint aus Japan,Germany,Spielzeug:Action-Figuren & Zubehör:Action- & Spielfiguren,3000,Gebraucht,2,0,,Active,FixedPriceItem,121.4,1,2026-09-17T22:25:03.000Z,https://www.ebay.com/itm/figma-Scarlet-NIKKE-Goddess-Victory-Actionfigur-gebraucht-Near-Mint-aus-Japan-/377504210515
604,377504211458,Figura de acción figma Scarlet NIKKE Goddess of Victory usada casi como nueva...,Spain,Juguetes:Figuras de acción:Otros,3000,Usado,2,0,,Active,FixedPriceItem,121.4,1,2026-09-17T22:25:26.000Z,https://www.ebay.com/itm/Figura-accion-figma-Scarlet-NIKKE-Goddess-Victory-usada-casi-como-nueva-/377504211458
604,377504231499,figma Scarlet NIKKE Goddess of Victory Action Figure Used Near Mint from Japan,UK,Toys & Games:Action Figures & Accessories:Action Figures,3000,Used,2,0,,Active,FixedPriceItem,104.1,1,2026-09-17T22:31:28.000Z,https://www.ebay.com/itm/figma-Scarlet-NIKKE-Goddess-Victory-Action-Figure-Used-Near-Mint-Japan-/377504231499
639,377525297221,HHKB Professional HYBRID PD-KB800YSC Type-S English Layout Snow Used Tested,Australia,"Computers/Tablets & Networking:Keyboards, Mice & Pointers:Keyboards & Keypads",3000,Used,2,0,,Active,FixedPriceItem,314.14,1,2026-09-26T22:46:25.000Z,https://www.ebay.com/itm/HHKB-Professional-HYBRID-PD-KB800YSC-Type-S-English-Layout-Snow-Used-Tested-/377525297221
639,377525289275,HHKB Professional HYBRID PD-KB800YSC Type-S English Layout Snow Used Tested,US,"Computers/Tablets & Networking:Keyboards, Mice & Pointers:Keyboards & Keypads",3000,Used,2,0,,Active,FixedPriceItem,270.0,1,2026-09-26T22:36:46.000Z,https://www.ebay.com/itm/HHKB-Professional-HYBRID-PD-KB800YSC-Type-S-English-Layout-Snow-Used-Tested-/377525289275
639,377525296866,HHKB Professional HYBRID PD-KB800YSC Type-S English Layout Snow Used Tested,Canada,"Computers/Tablets & Networking:Keyboards, Mice & Pointers:Keyboards & Keypads",3000,Used,2,0,,Active,FixedPriceItem,313.08,1,2026-09-26T22:45:43.000Z,https://www.ebay.com/itm/HHKB-Professional-HYBRID-PD-KB800YSC-Type-S-English-Layout-Snow-Used-Tested-/377525296866
639,377525289638,HHKB Profesional HYBRID PD-KB800YSC Tipo-S Inglés Diseño Nieve Usado Probado,Spain,"Informática y tablets:Teclados, ratones y punteros:Teclados y keypads",3000,Usado,2,0,,Active,FixedPriceItem,194.85,1,2026-09-26T22:37:24.000Z,https://www.ebay.com/itm/HHKB-Profesional-HYBRID-PD-KB800YSC-Tipo-S-Ingles-Diseno-Nieve-Usado-Probado-/377525289638
639,377525293303,HHKB Professional HYBRID PD-KB800YSC Type-S English Layout Snow Gebraucht...,Germany,"Computer, Tablets & Netzwerk:Tastaturen, Mäuse & Pointing:Tastaturen & Keypads",3000,Gebraucht,2,0,,Active,FixedPriceItem,194.85,1,2026-09-26T22:43:39.000Z,https://www.ebay.com/itm/HHKB-Professional-HYBRID-PD-KB800YSC-Type-S-English-Layout-Snow-Gebraucht-/377525293303
639,377525297158,HHKB Professional HYBRID PD-KB800YSC Type-S layout inglese neve usato testato,Italy,"Informatica:Tastiere, mouse e puntatori:Tastiere e keypad",3000,Usato,2,0,,Active,FixedPriceItem,194.85,1,2026-09-26T22:46:18.000Z,https://www.ebay.com/itm/HHKB-Professional-HYBRID-PD-KB800YSC-Type-S-layout-inglese-neve-usato-testato-/377525297158
639,377525297444,HHKB Professional HYBRID PD-KB800YSC Type-S English Layout Snow Used Testé,France,"Informatique, réseaux:Claviers, souris, pointeurs:Claviers, pavés numériques",3000,Occasion,2,0,,Active,FixedPriceItem,194.85,1,2026-09-26T22:46:46.000Z,https://www.ebay.com/itm/HHKB-Professional-HYBRID-PD-KB800YSC-Type-S-English-Layout-Snow-Used-Teste-/377525297444
639,377525307127,HHKB Professional HYBRID PD-KB800YSC Type-S English Layout Snow Used Tested,UK,"Computers/Tablets & Networking:Keyboards, Mice & Pointers:Keyboards & Keypads",3000,Used,2,0,,Active,FixedPriceItem,167.29,1,2026-09-26T22:51:33.000Z,https://www.ebay.com/itm/HHKB-Professional-HYBRID-PD-KB800YSC-Type-S-English-Layout-Snow-Used-Tested-/377525307127
654,377510142955,figma 461 Fire Emblem Three Houses Edelgard von Hresvelg 145mm Figure Used,US,Toys & Hobbies:Action Figures & Accessories:Action Figures,3000,Used,2,0,,Active,FixedPriceItem,178.0,1,2026-09-20T09:37:58.000Z,https://www.ebay.com/itm/figma-461-Fire-Emblem-Three-Houses-Edelgard-von-Hresvelg-145mm-Figure-Used-/377510142955
654,377510219066,figma 461 Fire Emblem Three Houses Edelgard von Hresvelg 145mm Figure Used,Canada,Toys & Hobbies:Action Figures & Accessories:Action Figures,3000,Used,2,0,,Active,FixedPriceItem,206.4,1,2026-09-20T10:20:48.000Z,https://www.ebay.com/itm/figma-461-Fire-Emblem-Three-Houses-Edelgard-von-Hresvelg-145mm-Figure-Used-/377510219066
654,377510265158,figma 461 Fire Emblem Three Houses Edelgard von Hresvelg 145mm Figure Used,UK,Toys & Games:Action Figures & Accessories:Action Figures,3000,Used,2,0,,Active,FixedPriceItem,110.28,1,2026-09-20T10:56:03.000Z,https://www.ebay.com/itm/figma-461-Fire-Emblem-Three-Houses-Edelgard-von-Hresvelg-145mm-Figure-Used-/377510265158
654,377510342334,figma 461 Fire Emblem Three Houses Edelgard von Hresvelg 145mm Figure Used,Australia,Toys & Hobbies:Action Figures & Accessories:Action Figures,3000,Used,2,0,,Active,FixedPriceItem,207.1,1,2026-09-20T12:00:39.000Z,https://www.ebay.com/itm/figma-461-Fire-Emblem-Three-Houses-Edelgard-von-Hresvelg-145mm-Figure-Used-/377510342334
654,377510283280,figura usada figma 461 Fire Emblem Three Houses Edelgard von Hresvelg 145 mm,Spain,Juguetes:Figuras de acción:Otros,3000,Usado,2,0,,Active,FixedPriceItem,128.45,1,2026-09-20T11:10:16.000Z,https://www.ebay.com/itm/figura-usada-figma-461-Fire-Emblem-Three-Houses-Edelgard-von-Hresvelg-145-mm-/377510283280
654,377510313820,figurine figma 461 Fire Emblem Three Houses Edelgard von Hresvelg 145 mm...,France,"Jouets et jeux:Figurines, statues:Autres",3000,Occasion,2,0,,Active,FixedPriceItem,128.45,1,2026-09-20T11:33:26.000Z,https://www.ebay.com/itm/figurine-figma-461-Fire-Emblem-Three-Houses-Edelgard-von-Hresvelg-145-mm-/377510313820
654,377510340316,Figura figma 461 Fire Emblem Three Houses Edelgard von Hresvelg 145 mm usata,Italy,Giocattoli e modellismo:Action figure:Altro action figure,3000,Usato,2,0,,Active,FixedPriceItem,128.45,1,2026-09-20T12:00:13.000Z,https://www.ebay.com/itm/Figura-figma-461-Fire-Emblem-Three-Houses-Edelgard-von-Hresvelg-145-mm-usata-/377510340316
654,377510365518,figma 461 Fire Emblem Three Houses Edelgard von Hresvelg 145mm Figur gebraucht,Germany,Spielzeug:Action-Figuren & Zubehör:Action- & Spielfiguren,3000,Gebraucht,2,0,,Active,FixedPriceItem,128.45,1,2026-09-20T12:12:04.000Z,https://www.ebay.com/itm/figma-461-Fire-Emblem-Three-Houses-Edelgard-von-Hresvelg-145mm-Figur-gebraucht-/377510365518
662,377489614886,Hobonichi Yumi Kitagishi Little Gift Omiyage A5 size Notebook Cover Near Mint,US,Business & Industrial:Office:Office Supplies:Calendars & Planners:Planners & Organizers,3000,Used,2,0,,Active,FixedPriceItem,224.0,1,2026-09-12T01:23:25.000Z,https://www.ebay.com/itm/Hobonichi-Yumi-Kitagishi-Little-Gift-Omiyage-A5-size-Notebook-Cover-Near-Mint-/377489614886
662,377489809895,Hobonichi Yumi Kitagishi Little Gift Omiyage A5 size Notebook Cover Near Mint,Canada,Business & Industrial:Office:Office Supplies:Calendars & Planners:Planners & Organizers,3000,Used,2,0,,Active,FixedPriceItem,266.1,1,2026-09-12T03:52:39.000Z,https://www.ebay.com/itm/Hobonichi-Yumi-Kitagishi-Little-Gift-Omiyage-A5-size-Notebook-Cover-Near-Mint-/377489809895
662,377489943519,Hobonichi Yumi Kitagishi Little Gift Omiyage A5 size Notebook Cover Near Mint,Australia,Business:Stationery:Personal Organisers,3000,Used,2,0,,Active,FixedPriceItem,267.92,1,2026-09-12T05:50:33.000Z,https://www.ebay.com/itm/Hobonichi-Yumi-Kitagishi-Little-Gift-Omiyage-A5-size-Notebook-Cover-Near-Mint-/377489943519
662,377489940775,Hobonichi Yumi Kitagishi Little Gift Omiyage A5 size Notebook Cover Near Mint,UK,"Business, Office & Industrial:Office Equipment & Supplies:Office Supplies & Stationery:Organisers",3000,Used,2,0,,Active,FixedPriceItem,142.04,1,2026-09-12T05:49:36.000Z,https://www.ebay.com/itm/Hobonichi-Yumi-Kitagishi-Little-Gift-Omiyage-A5-size-Notebook-Cover-Near-Mint-/377489940775
662,377489945416,Hobonichi Yumi Kitagishi kleines Geschenk Omiyage A5 Format Notizbuch Hülle f...,Germany,Business & Industrie:Sonstige Branchen & Produkte:Sonstige,3000,Gebraucht,2,0,,Active,FixedPriceItem,165.19,1,2026-09-12T05:51:14.000Z,https://www.ebay.com/itm/Hobonichi-Yumi-Kitagishi-kleines-Geschenk-Omiyage-A5-Format-Notizbuch-Hulle-f-/377489945416
662,377490413872,Housse pour ordinateur portable Hobonichi Yumi Kitagishi Little Gift Omiyage ...,France,"Équipements professionnels:Locaux: matériel, fournitures:Fournitures de bureau:Autres",3000,Occasion,2,0,,Active,FixedPriceItem,165.19,1,2026-09-12T11:29:54.000Z,https://www.ebay.com/itm/Housse-pour-ordinateur-portable-Hobonichi-Yumi-Kitagishi-Little-Gift-Omiyage-/377490413872
662,377490448131,Cover notebook Hobonichi Yumi Kitagishi Little Gift Omiyage formato A5 quasi ...,Italy,"Commercio, ufficio e industria:Ufficio, stampa e spedizione:Attrezzature",3000,Usato,2,0,,Active,FixedPriceItem,165.19,1,2026-09-12T11:57:38.000Z,https://www.ebay.com/itm/Cover-notebook-Hobonichi-Yumi-Kitagishi-Little-Gift-Omiyage-formato-A5-quasi-/377490448131
671,377482224132,Uma Musume Pretty Derby Agnes Digital Regular Plush Vol.10 FuRyu Used No Tag,US,Collectibles:Animation Art & Merchandise:Animation Merchandise:Plush Items,3000,Used,2,0,,Active,FixedPriceItem,245.0,1,2026-09-08T23:13:41.000Z,https://www.ebay.com/itm/Uma-Musume-Pretty-Derby-Agnes-Digital-Regular-Plush-Vol-10-FuRyu-Used-No-Tag-/377482224132
671,377482327714,Uma Musume Pretty Derby Agnes Digital Regular Plush Vol.10 FuRyu Used No Tag,Australia,Collectables:Animation Art & Merchandise:Animation Merchandise:Other Animation Merchandise,3000,Used,2,0,,Active,FixedPriceItem,287.07,1,2026-09-09T00:30:30.000Z,https://www.ebay.com/itm/Uma-Musume-Pretty-Derby-Agnes-Digital-Regular-Plush-Vol-10-FuRyu-Used-No-Tag-/377482327714
671,377482260708,Uma Musume Pretty Derby Agnes Digital Regular Plush Vol.10 FuRyu Used No Tag,Canada,Collectibles:Animation Art & Merchandise:Animation Merchandise:Plush Items,3000,Used,2,0,,Active,FixedPriceItem,285.47,1,2026-09-08T23:43:46.000Z,https://www.ebay.com/itm/Uma-Musume-Pretty-Derby-Agnes-Digital-Regular-Plush-Vol-10-FuRyu-Used-No-Tag-/377482260708
671,377482280004,Uma Musume Pretty Derby Agnes Digital Regular Plush Vol.10 FuRyu Usado Sin Et...,Spain,Coleccionismo:Dibujos animados,3000,Usado,2,0,,Active,FixedPriceItem,177.43,1,2026-09-08T23:59:15.000Z,https://www.ebay.com/itm/Uma-Musume-Pretty-Derby-Agnes-Digital-Regular-Plush-Vol-10-FuRyu-Usado-Sin-Et-/377482280004
671,377482314857,Peluche regolare digitale Uma Musume Pretty Derby Agnes Vol.10 FuRyu usato se...,Italy,Collezionismo:Personaggi da collezione:Altri personaggi,3000,Usato,2,0,,Active,FixedPriceItem,177.43,1,2026-09-09T00:25:28.000Z,https://www.ebay.com/itm/Peluche-regolare-digitale-Uma-Musume-Pretty-Derby-Agnes-Vol-10-FuRyu-usato-se-/377482314857
671,377482314922,Uma Musume Pretty Derby Agnes Digital Regular Plush Vol.10 FuRyu Used No Tag,UK,Collectables:Animation Art & Merchandise:Animation Merchandise:Other Animation Merchandise,3000,Used,2,0,,Active,FixedPriceItem,152.17,1,2026-09-09T00:25:36.000Z,https://www.ebay.com/itm/Uma-Musume-Pretty-Derby-Agnes-Digital-Regular-Plush-Vol-10-FuRyu-Used-No-Tag-/377482314922
671,377482330122,Uma Musume Pretty Derby Agnes Digital Regular Plüsch Vol.10 FuRyu gebraucht o...,Germany,Sammeln & Seltenes:Animationskunst & Merchandising:Animations Merchandising:Sonstige,3000,Gebraucht,2,0,,Active,FixedPriceItem,177.43,1,2026-09-09T00:30:58.000Z,https://www.ebay.com/itm/Uma-Musume-Pretty-Derby-Agnes-Digital-Regular-Plusch-Vol-10-FuRyu-gebraucht-o-/377482330122
671,377482332397,Peluche régulière numérique Uma Musume Pretty Derby Agnes Vol.10 FuRyu utilis...,France,Collections:Autres,3000,Occasion,2,0,,Active,FixedPriceItem,177.43,1,2026-09-09T00:31:46.000Z,https://www.ebay.com/itm/Peluche-reguliere-numerique-Uma-Musume-Pretty-Derby-Agnes-Vol-10-FuRyu-utilis-/377482332397
682,377523153882,Splatoon x Zozotown 3D Knit Shark Whale Apex Sweater Geso Town Size L Used,Australia,Video Games & Consoles:Video Game Merchandise,3000,Used,2,0,,Active,FixedPriceItem,178.21,1,2026-09-25T23:09:08.000Z,https://www.ebay.com/itm/Splatoon-x-Zozotown-3D-Knit-Shark-Whale-Apex-Sweater-Geso-Town-Size-L-Used-/377523153882
682,377523075630,Splatoon x Zozotown 3D Knit Shark Whale Apex Sweater Geso Town Size L Used,US,Video Games & Consoles:Video Game Merchandise,3000,Used,2,0,,Active,FixedPriceItem,149.0,1,2026-09-25T22:19:15.000Z,https://www.ebay.com/itm/Splatoon-x-Zozotown-3D-Knit-Shark-Whale-Apex-Sweater-Geso-Town-Size-L-Used-/377523075630
682,377523128066,Splatoon x Zozotown 3D Knit Shark Whale Apex Sweater Geso Town Size L Used,Canada,Video Games & Consoles:Video Game Merchandise,3000,Used,2,0,,Active,FixedPriceItem,177.0,1,2026-09-25T22:50:57.000Z,https://www.ebay.com/itm/Splatoon-x-Zozotown-3D-Knit-Shark-Whale-Apex-Sweater-Geso-Town-Size-L-Used-/377523128066
682,377523110471,Splatoon x Zozotown 3D Knit Shark Whale Apex Sweater Geso Town Size L Used,UK,Video Games & Consoles:Video Game Merchandise,3000,Used,2,0,,Active,FixedPriceItem,94.48,1,2026-09-25T22:39:02.000Z,https://www.ebay.com/itm/Splatoon-x-Zozotown-3D-Knit-Shark-Whale-Apex-Sweater-Geso-Town-Size-L-Used-/377523110471
682,377523152720,Splatoon x Zozotown 3D Knit Shark Whale Apex Sweater Geso Town Size L Used,Germany,PC- & Videospiele:Merchandising,3000,Gebraucht,2,0,,Active,FixedPriceItem,109.88,1,2026-09-25T23:08:46.000Z,https://www.ebay.com/itm/Splatoon-x-Zozotown-3D-Knit-Shark-Whale-Apex-Sweater-Geso-Town-Size-L-Used-/377523152720
682,377523155130,Maglione Splatoon x Zozotown 3D Knit Shark Whale Apex Geso Town taglia L usato,Italy,Videogiochi e console:Merchandising giochi,3000,Usato,2,0,,Active,FixedPriceItem,109.88,1,2026-09-25T23:09:32.000Z,https://www.ebay.com/itm/Maglione-Splatoon-x-Zozotown-3D-Knit-Shark-Whale-Apex-Geso-Town-taglia-L-usato-/377523155130
682,377523172165,Pull Splatoon x Zozotown 3D tricot requin baleine apex Geso Town taille L d'o...,France,"Jeux vidéo, consoles:Articles de jeux vidéo",3000,Occasion,2,0,,Active,FixedPriceItem,109.88,1,2026-09-25T23:24:29.000Z,https://www.ebay.com/itm/Pull-Splatoon-x-Zozotown-3D-tricot-requin-baleine-apex-Geso-Town-taille-L-do-/377523172165
682,377523172956,Suéter Splatoon x Zozotown 3D Tejido Tiburón Ballena Apex Geso Town Talla L U...,Spain,Consolas y videojuegos:Merchandising de juegos,3000,Usado,2,0,,Active,FixedPriceItem,109.88,1,2026-09-25T23:25:35.000Z,https://www.ebay.com/itm/Sueter-Splatoon-x-Zozotown-3D-Tejido-Tiburon-Ballena-Apex-Geso-Town-Talla-L-U-/377523172956
757,377469499650,Good Smile Company POP UP PARADE RWBY Weiss Schnee Non-scale PVC Figure Used,US,Collectibles:Animation Art & Merchandise:Animation Merchandise:Other Animation Merchandise,3000,Used,2,0,,Active,FixedPriceItem,204.0,1,2026-09-04T04:01:42.000Z,https://www.ebay.com/itm/Good-Smile-Company-POP-UP-PARADE-RWBY-Weiss-Schnee-Non-scale-PVC-Figure-Used-/377469499650
762,377504794794,Empress Effects ParaEQ w/Boost Guitar Equalizer Pedal Made in Canada Used,US,Musical Instruments & Gear:Guitars & Basses:Parts & Accessories:Effects Pedals:Other Guitar Effects Pedals,3000,Used,2,0,,Active,FixedPriceItem,325.0,1,2026-09-18T03:16:16.000Z,https://www.ebay.com/itm/Empress-Effects-ParaEQ-w-Boost-Guitar-Equalizer-Pedal-Made-Canada-Used-/377504794794
762,377504954688,Empress Effects ParaEQ w/Boost Guitar Equalizer Pedal Made in Canada Used,Australia,Musical Instruments:Guitars & Basses:Parts & Accessories:Effects Pedals:Other Guitar Effects Pedals,3000,Used,2,0,,Active,FixedPriceItem,383.38,1,2026-09-18T04:32:09.000Z,https://www.ebay.com/itm/Empress-Effects-ParaEQ-w-Boost-Guitar-Equalizer-Pedal-Made-Canada-Used-/377504954688
762,377504893628,Empress Effects ParaEQ w/Boost Guitar Equalizer Pedal Made in Canada Used,Canada,Musical Instruments & Gear:Guitars & Basses:Parts & Accessories:Effects Pedals:Other Guitar Effects Pedals,3000,Used,2,0,,Active,FixedPriceItem,381.85,1,2026-09-18T03:59:41.000Z,https://www.ebay.com/itm/Empress-Effects-ParaEQ-w-Boost-Guitar-Equalizer-Pedal-Made-Canada-Used-/377504893628
762,377504960375,Empress Effects ParaEQ w/Boost Guitar Equalizer Pedal Made in Canada Used,UK,Musical Instruments & DJ Equipment:Guitars & Basses:Parts & Accessories:Effects Pedals:Other Guitar Effects Pedals,3000,Used,2,0,,Active,FixedPriceItem,203.81,1,2026-09-18T04:39:29.000Z,https://www.ebay.com/itm/Empress-Effects-ParaEQ-w-Boost-Guitar-Equalizer-Pedal-Made-Canada-Used-/377504960375
762,377504960722,Empress Effects ParaEQ con pedale equalizzatore per chitarra Boost Made in Ca...,Italy,Strumenti musicali:Chitarre e bassi:Ricambi e accessori:Pedali per effetti:Altro pedali per effetti,3000,Usato,2,0,,Active,FixedPriceItem,237.68,1,2026-09-18T04:39:42.000Z,https://www.ebay.com/itm/Empress-Effects-ParaEQ-con-pedale-equalizzatore-per-chitarra-Boost-Made-Ca-/377504960722
762,377504962279,Empress Effects ParaEQ con pedal ecualizador de guitarra Boost hecho en Canad...,Spain,Instrumentos musicales:Guitarras y bajos:Recambios y accesorios:Pedales de efectos:Otros,3000,Usado,2,0,,Active,FixedPriceItem,237.68,1,2026-09-18T04:40:54.000Z,https://www.ebay.com/itm/Empress-Effects-ParaEQ-con-pedal-ecualizador-guitarra-Boost-hecho-Canad-/377504962279
762,377504962812,Empress Effects ParaEQ avec pédale d'égaliseur de guitare Boost fabriquée au ...,France,"Instruments de musique:Guitares, basses, accessoires:Pièces, accessoires:Pédales à effets:Autres",3000,Occasion,2,0,,Active,FixedPriceItem,237.68,1,2026-09-18T04:41:19.000Z,https://www.ebay.com/itm/Empress-Effects-ParaEQ-avec-pedale-degaliseur-guitare-Boost-fabriquee-au-/377504962812
762,377505212649,Empress Effects ParaEQ mit Boost Gitarren-Equalizer-Pedal Made in Canada gebr...,Germany,Musikinstrumente:Gitarren & Bässe:Zubehör:Effektgeräte:Sonstige,3000,Gebraucht,2,0,,Active,FixedPriceItem,237.68,1,2026-09-18T07:09:15.000Z,https://www.ebay.com/itm/Empress-Effects-ParaEQ-mit-Boost-Gitarren-Equalizer-Pedal-Made-Canada-gebr-/377505212649
811,377493864285,One Piece Carddass Hyper Battle C170 Mihawk Ittoryodan Swordsman Bandai Used,US,Toys & Hobbies:Collectible Card Games:CCG Individual Cards,4000,Ungraded,2,0,,Active,FixedPriceItem,97.0,1,2026-09-14T04:12:46.000Z,https://www.ebay.com/itm/One-Piece-Carddass-Hyper-Battle-C170-Mihawk-Ittoryodan-Swordsman-Bandai-Used-/377493864285
811,377493897056,One Piece Carddass Hyper Battle C170 Mihawk Ittoryodan Swordsman Bandai Used,Canada,Toys & Hobbies:Collectible Card Games:CCG Individual Cards,4000,Ungraded,2,0,,Active,FixedPriceItem,115.49,1,2026-09-14T04:48:13.000Z,https://www.ebay.com/itm/One-Piece-Carddass-Hyper-Battle-C170-Mihawk-Ittoryodan-Swordsman-Bandai-Used-/377493897056
811,377494003222,One Piece Carddass Hyper Battle C170 Mihawk Ittoryodan Swordsman Bandai Used,Australia,Toys & Hobbies:Collectable Card Games:CCG Individual Cards,4000,Ungraded,2,0,,Active,FixedPriceItem,116.1,1,2026-09-14T06:06:04.000Z,https://www.ebay.com/itm/One-Piece-Carddass-Hyper-Battle-C170-Mihawk-Ittoryodan-Swordsman-Bandai-Used-/377494003222
811,377493931754,One Piece Carddass Hyper Battle C170 Mihawk Ittoryodan Swordsman Bandai Occasion,France,Collections:Jeux de cartes à collectionner:JCC : cartes à l'unité,4000,Non gradée,2,0,,Active,FixedPriceItem,71.65,1,2026-09-14T05:15:10.000Z,https://www.ebay.com/itm/One-Piece-Carddass-Hyper-Battle-C170-Mihawk-Ittoryodan-Swordsman-Bandai-Occasion-/377493931754
811,377493933816,One Piece Carddass Hyper Battle C170 Mihawk Ittoryodan Swordsman Bandai usato,Italy,Collezionismo:Giochi di carte collezionabili:GCC: carte singole,4000,Non gradata,2,0,,Active,FixedPriceItem,71.65,1,2026-09-14T05:15:35.000Z,https://www.ebay.com/itm/One-Piece-Carddass-Hyper-Battle-C170-Mihawk-Ittoryodan-Swordsman-Bandai-usato-/377493933816
811,377494004434,One Piece Carddass Hyper Battle C170 Mihawk Itoryodan Swordsman Bandai Gebraucht,Germany,Sammeln & Seltenes:Sammelkartenspiele/TCGs:TCG Einzelkarten,4000,Nicht bewertet,2,0,,Active,FixedPriceItem,71.65,1,2026-09-14T06:07:15.000Z,https://www.ebay.com/itm/One-Piece-Carddass-Hyper-Battle-C170-Mihawk-Itoryodan-Swordsman-Bandai-Gebraucht-/377494004434
811,377494011917,One Piece Carddass Hyper Battle C170 Mihawk Ittoryodan Swordsman Bandai Used,UK,Collectables:Collectable Card Games:CCG Individual Cards,4000,Ungraded,2,0,,Active,FixedPriceItem,61.47,1,2026-09-14T06:10:46.000Z,https://www.ebay.com/itm/One-Piece-Carddass-Hyper-Battle-C170-Mihawk-Ittoryodan-Swordsman-Bandai-Used-/377494011917
811,377494051738,One Piece Carddass Hyper Battle C170 Mihawk Ittoryodan Swordsman Bandai Usado,Spain,Coleccionismo:Juegos de cartas coleccionables:Cartas sueltas,4000,Sin clasificar,2,0,,Active,FixedPriceItem,71.65,1,2026-09-14T06:34:50.000Z,https://www.ebay.com/itm/One-Piece-Carddass-Hyper-Battle-C170-Mihawk-Ittoryodan-Swordsman-Bandai-Usado-/377494051738
813,377493864305,HAGANE Nintendo Super Famicom Test Completed Used Good Condition from Japan,US,Video Games & Consoles:Video Games,5000,Good,2,0,,Active,FixedPriceItem,449.0,1,2026-09-14T04:12:46.000Z,https://www.ebay.com/itm/HAGANE-Nintendo-Super-Famicom-Test-Completed-Used-Good-Condition-Japan-/377493864305
813,377493932956,HAGANE Nintendo Super Famicom Test Completed Used Good Condition from Japan,Australia,Video Games & Consoles:Video Games,5000,Good,2,0,,Active,FixedPriceItem,522.4,1,2026-09-14T05:15:19.000Z,https://www.ebay.com/itm/HAGANE-Nintendo-Super-Famicom-Test-Completed-Used-Good-Condition-Japan-/377493932956
813,377493897023,HAGANE Nintendo Super Famicom Test Completed Used Good Condition from Japan,Canada,Video Games & Consoles:Video Games,5000,Good,2,0,,Active,FixedPriceItem,520.63,1,2026-09-14T04:48:11.000Z,https://www.ebay.com/itm/HAGANE-Nintendo-Super-Famicom-Test-Completed-Used-Good-Condition-Japan-/377493897023
813,377493931360,Test HAGANE Nintendo Super Famicom terminé occasion bon état du Japon,France,"Jeux vidéo, consoles:Jeux",5000,Bon état,2,0,,Active,FixedPriceItem,324.02,1,2026-09-14T05:14:57.000Z,https://www.ebay.com/itm/Test-HAGANE-Nintendo-Super-Famicom-termine-occasion-bon-etat-du-Japon-/377493931360
813,377493933808,HAGANE Nintendo Super Famicom Test abgeschlossen gebraucht guter Zustand...,Germany,PC- & Videospiele:PC- & Videospiele,5000,Gut,2,0,,Active,FixedPriceItem,324.02,1,2026-09-14T05:15:35.000Z,https://www.ebay.com/itm/HAGANE-Nintendo-Super-Famicom-Test-abgeschlossen-gebraucht-guter-Zustand-/377493933808
813,377494013875,HAGANE Nintendo Super Famicom Test Completado Usado Buen Estado de Japón,Spain,Consolas y videojuegos:Videojuegos,5000,En buen estado,2,0,,Active,FixedPriceItem,324.02,1,2026-09-14T06:11:27.000Z,https://www.ebay.com/itm/HAGANE-Nintendo-Super-Famicom-Test-Completado-Usado-Buen-Estado-Japon-/377494013875
813,377494015632,Test HAGANE Nintendo Super Famicom completato usato buone condizioni dal...,Italy,Videogiochi e console:Giochi,5000,Buone condizioni,2,0,,Active,FixedPriceItem,324.02,1,2026-09-14T06:11:58.000Z,https://www.ebay.com/itm/Test-HAGANE-Nintendo-Super-Famicom-completato-usato-buone-condizioni-dal-/377494015632
813,377494017206,HAGANE Nintendo Super Famicom Test Completed Used Good Condition from Japan,UK,Video Games & Consoles:Video Games,5000,Good,2,0,,Active,FixedPriceItem,278.19,1,2026-09-14T06:12:50.000Z,https://www.ebay.com/itm/HAGANE-Nintendo-Super-Famicom-Test-Completed-Used-Good-Condition-Japan-/377494017206
902,377527448794,Egret Two Mini Arcade Memories VOL.2 TAITO Arcade Selection New Unopened,Australia,Video Games & Consoles:Video Games,2750,Like new,2,0,,Active,FixedPriceItem,430.49,1,2026-09-27T23:04:57.000Z,https://www.ebay.com/itm/Egret-Two-Mini-Arcade-Memories-VOL-2-TAITO-Arcade-Selection-New-Unopened-/377527448794
902,377527433718,Egret Two Mini Arcade Memories VOL.2 TAITO Arcade Selection New Unopened,US,Video Games & Consoles:Video Games,2750,Like New,2,0,,Active,FixedPriceItem,370.0,1,2026-09-27T22:51:09.000Z,https://www.ebay.com/itm/Egret-Two-Mini-Arcade-Memories-VOL-2-TAITO-Arcade-Selection-New-Unopened-/377527433718
902,377527435865,Egret Two Mini Arcade Memories VOL.2 TAITO Arcade Selection New Unopened,Canada,Video Games & Consoles:Video Games,2750,Like New,2,0,,Active,FixedPriceItem,429.03,1,2026-09-27T22:51:41.000Z,https://www.ebay.com/itm/Egret-Two-Mini-Arcade-Memories-VOL-2-TAITO-Arcade-Selection-New-Unopened-/377527435865
902,377527435463,Egret Two Mini Arcade Memories VOL.2 TAITO Arcade Selection neuf jamais ouvert,France,"Jeux vidéo, consoles:Jeux",2750,Comme neuf,2,0,,Active,FixedPriceItem,267.01,1,2026-09-27T22:51:34.000Z,https://www.ebay.com/itm/Egret-Two-Mini-Arcade-Memories-VOL-2-TAITO-Arcade-Selection-neuf-jamais-ouvert-/377527435463
902,377527436283,Egret Two Mini Arcade Memories VOL.2 TAITO Arcade Selection Neu Ungeöffnet,Germany,PC- & Videospiele:PC- & Videospiele,2750,Neuwertig,2,0,,Active,FixedPriceItem,267.01,1,2026-09-27T22:51:57.000Z,https://www.ebay.com/itm/Egret-Two-Mini-Arcade-Memories-VOL-2-TAITO-Arcade-Selection-Neu-Ungeoffnet-/377527436283
902,377527439273,Egret Two Mini Arcade Memories VOL.2 TAITO Arcade Selection nuovo mai aperto,Italy,Videogiochi e console:Giochi,2750,Come nuovo,2,0,,Active,FixedPriceItem,267.01,1,2026-09-27T22:55:26.000Z,https://www.ebay.com/itm/Egret-Two-Mini-Arcade-Memories-VOL-2-TAITO-Arcade-Selection-nuovo-mai-aperto-/377527439273
902,377527449005,Egret Two Mini Arcade Memories VOL.2 TAITO Arcade Selection New Unopened,UK,Video Games & Consoles:Video Games,2750,Like New,2,0,,Active,FixedPriceItem,229.24,1,2026-09-27T23:05:11.000Z,https://www.ebay.com/itm/Egret-Two-Mini-Arcade-Memories-VOL-2-TAITO-Arcade-Selection-New-Unopened-/377527449005
902,377527449386,Egret Two Mini Arcade Memories VOL.2 TAITO Arcade Selection Nuevo Sin Abrir,Spain,Consolas y videojuegos:Videojuegos,2750,Como nuevo,2,0,,Active,FixedPriceItem,267.01,1,2026-09-27T23:05:37.000Z,https://www.ebay.com/itm/Egret-Two-Mini-Arcade-Memories-VOL-2-TAITO-Arcade-Selection-Nuevo-Sin-Abrir-/377527449386
910,377498767023,Bandai CSM Kamen Rider W Fang Memory & Extreme Memory Ver.2 Memory Only Used,US,Collectibles:Animation Art & Merchandise:Animation Merchandise:Other Animation Merchandise,3000,Used,2,0,,Active,FixedPriceItem,389.0,1,2026-09-16T03:11:12.000Z,https://www.ebay.com/itm/Bandai-CSM-Kamen-Rider-W-Fang-Memory-Extreme-Memory-Ver-2-Memory-Only-Used-/377498767023
910,377498920083,Bandai CSM Kamen Rider W Fang Memory & Extreme Memory Ver.2 Memory Only Used,Australia,Collectables:Animation Art & Merchandise:Animation Merchandise:Other Animation Merchandise,3000,Used,2,0,,Active,FixedPriceItem,452.59,1,2026-09-16T04:31:14.000Z,https://www.ebay.com/itm/Bandai-CSM-Kamen-Rider-W-Fang-Memory-Extreme-Memory-Ver-2-Memory-Only-Used-/377498920083
910,377498838542,Bandai CSM Kamen Rider W Fang Memory & Extreme Memory Ver.2 Memory Only Used,Canada,Collectibles:Animation Art & Merchandise:Animation Merchandise:Other Animation Merchandise,3000,Used,2,0,,Active,FixedPriceItem,451.06,1,2026-09-16T03:48:07.000Z,https://www.ebay.com/itm/Bandai-CSM-Kamen-Rider-W-Fang-Memory-Extreme-Memory-Ver-2-Memory-Only-Used-/377498838542
910,377498910871,Bandai CSM Kamen Rider W Fang Memory & Extreme Memory Ver.2 solo memoria usata,Italy,Collezionismo:Personaggi da collezione:Altri personaggi,3000,Usato,2,0,,Active,FixedPriceItem,280.72,1,2026-09-16T04:29:19.000Z,https://www.ebay.com/itm/Bandai-CSM-Kamen-Rider-W-Fang-Memory-Extreme-Memory-Ver-2-solo-memoria-usata-/377498910871
910,377498912185,Bandai CSM Kamen Rider W Fang Memory & Extreme Memory Ver.2 Memory Only Used,Germany,Sammeln & Seltenes:Animationskunst & Merchandising:Animations Merchandising:Sonstige,3000,Gebraucht,2,0,,Active,FixedPriceItem,280.72,1,2026-09-16T04:29:52.000Z,https://www.ebay.com/itm/Bandai-CSM-Kamen-Rider-W-Fang-Memory-Extreme-Memory-Ver-2-Memory-Only-Used-/377498912185
910,377498919555,Bandai CSM Kamen Rider W Fang Memory & Extreme Memory Ver.2 Memory Only Used,Spain,Coleccionismo:Dibujos animados,3000,Usado,2,0,,Active,FixedPriceItem,280.72,1,2026-09-16T04:31:02.000Z,https://www.ebay.com/itm/Bandai-CSM-Kamen-Rider-W-Fang-Memory-Extreme-Memory-Ver-2-Memory-Only-Used-/377498919555
910,377498920731,Bandai CSM Kamen Rider W Fang Memory & Extreme Memory Ver.2 Memory Only Used,UK,Collectables:Animation Art & Merchandise:Animation Merchandise:Other Animation Merchandise,3000,Used,2,0,,Active,FixedPriceItem,241.02,1,2026-09-16T04:31:40.000Z,https://www.ebay.com/itm/Bandai-CSM-Kamen-Rider-W-Fang-Memory-Extreme-Memory-Ver-2-Memory-Only-Used-/377498920731
910,377499194492,Bandai CSM Kamen Rider W Fang Memory & Extreme Memory Ver.2 Memory utilisé...,France,Collections:Autres,3000,Occasion,2,0,,Active,FixedPriceItem,280.72,1,2026-09-16T07:31:41.000Z,https://www.ebay.com/itm/Bandai-CSM-Kamen-Rider-W-Fang-Memory-Extreme-Memory-Ver-2-Memory-utilise-/377499194492
930,377482659987,threezero AMC The Walking Dead Daryl Dixon 1/6 Action Figure Used Box Damage,US,Toys & Hobbies:Action Figures & Accessories:Action Figures,3000,Used,2,0,,Active,FixedPriceItem,562.0,1,2026-09-09T02:20:15.000Z,https://www.ebay.com/itm/threezero-AMC-Walking-Dead-Daryl-Dixon-1-6-Action-Figure-Used-Box-Damage-/377482659987
930,377482852380,threezero AMC The Walking Dead Daryl Dixon 1/6 Action Figure Used Box Damage,Australia,Toys & Hobbies:Action Figures & Accessories:Action Figures,3000,Used,2,0,,Active,FixedPriceItem,672.67,1,2026-09-09T03:56:15.000Z,https://www.ebay.com/itm/threezero-AMC-Walking-Dead-Daryl-Dixon-1-6-Action-Figure-Used-Box-Damage-/377482852380
930,377482789035,threezero AMC The Walking Dead Daryl Dixon 1/6 Action Figure Used Box Damage,Canada,Toys & Hobbies:Action Figures & Accessories:Action Figures,3000,Used,2,0,,Active,FixedPriceItem,669.13,1,2026-09-09T03:17:48.000Z,https://www.ebay.com/itm/threezero-AMC-Walking-Dead-Daryl-Dixon-1-6-Action-Figure-Used-Box-Damage-/377482789035
930,377482792766,figurine threezero AMC The Walking Dead Daryl Dixon 1/6 boîte d'occasion endo...,France,"Jouets et jeux:Figurines, statues:Autres",3000,Occasion,2,0,,Active,FixedPriceItem,415.16,1,2026-09-09T03:19:43.000Z,https://www.ebay.com/itm/figurine-threezero-AMC-Walking-Dead-Daryl-Dixon-1-6-boite-doccasion-endo-/377482792766
930,377482851309,threezero AMC The Walking Dead Daryl Dixon 1/6 Actionfigur gebraucht Kartonsc...,Germany,Spielzeug:Action-Figuren & Zubehör:Action- & Spielfiguren,3000,Gebraucht,2,0,,Active,FixedPriceItem,415.16,1,2026-09-09T03:55:20.000Z,https://www.ebay.com/itm/threezero-AMC-Walking-Dead-Daryl-Dixon-1-6-Actionfigur-gebraucht-Kartonsc-/377482851309
930,377482853238,threezero AMC The Walking Dead Daryl Dixon 1/6 figura de acción usada daños e...,Spain,Juguetes:Figuras de acción:Otros,3000,Usado,2,0,,Active,FixedPriceItem,415.16,1,2026-09-09T03:57:09.000Z,https://www.ebay.com/itm/threezero-AMC-Walking-Dead-Daryl-Dixon-1-6-figura-accion-usada-danos-e-/377482853238
930,377482854146,threezero AMC The Walking Dead Daryl Dixon 1/6 Action Figure Used Box Damage,UK,Toys & Games:Action Figures & Accessories:Action Figures,3000,Used,2,0,,Active,FixedPriceItem,356.15,1,2026-09-09T03:57:52.000Z,https://www.ebay.com/itm/threezero-AMC-Walking-Dead-Daryl-Dixon-1-6-Action-Figure-Used-Box-Damage-/377482854146
930,377482856985,action figure threezero AMC The Walking Dead Daryl Dixon 1/6 usato scatola da...,Italy,Giocattoli e modellismo:Action figure:Altro action figure,3000,Usato,2,0,,Active,FixedPriceItem,415.16,1,2026-09-09T03:59:40.000Z,https://www.ebay.com/itm/action-figure-threezero-AMC-Walking-Dead-Daryl-Dixon-1-6-usato-scatola-da-/377482856985
948,377513833125,HORROR Bishoujo Evil Dead 2 Ash Williams 1/7 Scale Figure Used Very Good,Australia,Toys & Hobbies:Action Figures & Accessories:Action Figures,3000,Used,2,0,,Active,FixedPriceItem,405.75,1,2026-09-21T23:25:28.000Z,https://www.ebay.com/itm/HORROR-Bishoujo-Evil-Dead-2-Ash-Williams-1-7-Scale-Figure-Used-Very-Good-/377513833125
948,377513804693,HORROR Bishoujo Evil Dead 2 Ash Williams 1/7 Scale Figure Used Very Good,US,Toys & Hobbies:Action Figures & Accessories:Action Figures,3000,Used,2,0,,Active,FixedPriceItem,339.0,1,2026-09-21T23:00:39.000Z,https://www.ebay.com/itm/HORROR-Bishoujo-Evil-Dead-2-Ash-Williams-1-7-Scale-Figure-Used-Very-Good-/377513804693
948,377513806123,Figurine HORROR Bishoujo Evil Dead 2 Ash Williams échelle 1/7 occasion très b...,France,"Jouets et jeux:Figurines, statues:Autres",3000,Occasion,2,0,,Active,FixedPriceItem,250.43,1,2026-09-21T23:01:25.000Z,https://www.ebay.com/itm/Figurine-HORROR-Bishoujo-Evil-Dead-2-Ash-Williams-echelle-1-7-occasion-tres-b-/377513806123
948,377513818434,Figurina HORROR Bishoujo Evil Dead 2 Ash Williams scala 1/7 usata molto buona,Italy,Giocattoli e modellismo:Action figure:Altro action figure,3000,Usato,2,0,,Active,FixedPriceItem,250.43,1,2026-09-21T23:10:30.000Z,https://www.ebay.com/itm/Figurina-HORROR-Bishoujo-Evil-Dead-2-Ash-Williams-scala-1-7-usata-molto-buona-/377513818434
948,377513833010,HORROR Bishoujo Evil Dead 2 Ash Williams 1/7 Scale Figur Gebraucht Sehr Gut,Germany,Spielzeug:Action-Figuren & Zubehör:Action- & Spielfiguren,3000,Gebraucht,2,0,,Active,FixedPriceItem,250.43,1,2026-09-21T23:25:13.000Z,https://www.ebay.com/itm/HORROR-Bishoujo-Evil-Dead-2-Ash-Williams-1-7-Scale-Figur-Gebraucht-Sehr-Gut-/377513833010
948,377513879624,HORROR Bishoujo Evil Dead 2 Ash Williams 1/7 Scale Figure Used Very Good,UK,Toys & Games:Action Figures & Accessories:Action Figures,3000,Used,2,0,,Active,FixedPriceItem,214.83,1,2026-09-22T00:03:39.000Z,https://www.ebay.com/itm/HORROR-Bishoujo-Evil-Dead-2-Ash-Williams-1-7-Scale-Figure-Used-Very-Good-/377513879624
948,377513880182,Figura HORROR Bishoujo Evil Dead 2 Ash Williams escala 1/7 usada muy buena,Spain,Juguetes:Figuras de acción:Otros,3000,Usado,2,0,,Active,FixedPriceItem,250.43,1,2026-09-22T00:04:10.000Z,https://www.ebay.com/itm/Figura-HORROR-Bishoujo-Evil-Dead-2-Ash-Williams-escala-1-7-usada-muy-buena-/377513880182
948,377513908999,HORROR Bishoujo Evil Dead 2 Ash Williams 1/7 Scale Figure Used Very Good,Canada,Toys & Hobbies:Action Figures & Accessories:Action Figures,3000,Used,2,0,,Active,FixedPriceItem,403.62,1,2026-09-22T00:16:37.000Z,https://www.ebay.com/itm/HORROR-Bishoujo-Evil-Dead-2-Ash-Williams-1-7-Scale-Figure-Used-Very-Good-/377513908999
993,377507104177,1000toys RE:EDIT Halo Reach KAT-B320 Noble Two 1/12 Action Figure Used Rank B,US,Toys & Hobbies:Action Figures & Accessories:Action Figures,3000,Used,2,0,,Active,FixedPriceItem,226.0,0,2026-09-19T00:32:32.000Z,https://www.ebay.com/itm/1000toys-RE-EDIT-Halo-Reach-KAT-B320-Noble-Two-1-12-Action-Figure-Used-Rank-B-/377507104177
993,377508252409,1000toys RE:EDIT Halo Reach KAT-B320 Noble Two 1/12 Action Figure Used Rank B,Australia,Toys & Hobbies:Action Figures & Accessories:Action Figures,3000,Used,2,0,,Active,FixedPriceItem,273.27,0,2026-09-19T11:42:32.000Z,https://www.ebay.com/itm/1000toys-RE-EDIT-Halo-Reach-KAT-B320-Noble-Two-1-12-Action-Figure-Used-Rank-B-/377508252409
993,377508191771,1000toys RE:EDIT Halo Reach KAT-B320 Noble Two 1/12 Action Figure Used Rank B,Canada,Toys & Hobbies:Action Figures & Accessories:Action Figures,3000,Used,2,0,,Active,FixedPriceItem,270.18,0,2026-09-19T11:01:51.000Z,https://www.ebay.com/itm/1000toys-RE-EDIT-Halo-Reach-KAT-B320-Noble-Two-1-12-Action-Figure-Used-Rank-B-/377508191771
993,377508228936,1000toys RE:EDIT Modellino Halo Reach KAT-B320 Noble Two 1/12 usato grado B,Italy,Giocattoli e modellismo:Action figure:Altro action figure,3000,Usato,2,0,,Active,FixedPriceItem,167.55,0,2026-09-19T11:25:04.000Z,https://www.ebay.com/itm/1000toys-RE-EDIT-Modellino-Halo-Reach-KAT-B320-Noble-Two-1-12-usato-grado-B-/377508228936
993,377508231683,Figura de acción 1000toys RE:EDIT Halo Reach KAT-B320 Noble Two 1/12 usada ra...,Spain,Juguetes:Figuras de acción:Otros,3000,Usado,2,0,,Active,FixedPriceItem,167.55,0,2026-09-19T11:28:17.000Z,https://www.ebay.com/itm/Figura-accion-1000toys-RE-EDIT-Halo-Reach-KAT-B320-Noble-Two-1-12-usada-ra-/377508231683
993,377508234983,1000toys RE:EDIT Halo Reach KAT-B320 Noble Two 1/12 figurine d'occasion rang B,France,"Jouets et jeux:Figurines, statues:Autres",3000,Occasion,2,0,,Active,FixedPriceItem,167.55,0,2026-09-19T11:29:54.000Z,https://www.ebay.com/itm/1000toys-RE-EDIT-Halo-Reach-KAT-B320-Noble-Two-1-12-figurine-doccasion-rang-B-/377508234983
993,377508247645,1000toys RE:EDIT Halo Reach KAT-B320 Noble Two 1/12 Actionfigur gebraucht Rang B,Germany,Spielzeug:Action-Figuren & Zubehör:Action- & Spielfiguren,3000,Gebraucht,2,0,,Active,FixedPriceItem,167.55,0,2026-09-19T11:36:53.000Z,https://www.ebay.com/itm/1000toys-RE-EDIT-Halo-Reach-KAT-B320-Noble-Two-1-12-Actionfigur-gebraucht-Rang-B-/377508247645
993,377508249894,1000toys RE:EDIT Halo Reach KAT-B320 Noble Two 1/12 Action Figure Used Rank B,UK,Toys & Games:Action Figures & Accessories:Action Figures,3000,Used,2,0,,Active,FixedPriceItem,143.11,0,2026-09-19T11:39:56.000Z,https://www.ebay.com/itm/1000toys-RE-EDIT-Halo-Reach-KAT-B320-Noble-Two-1-12-Action-Figure-Used-Rank-B-/377508249894
996,377516157752,Munetaka Murakami BBM 2018 Rookie Card RC Tokyo Yakult Swallows Used Very Good,US,"Sports Mem, Cards & Fan Shop:Sports Trading Cards:Trading Card Singles",4000,Ungraded,2,0,,Active,FixedPriceItem,315.0,1,2026-09-22T22:58:24.000Z,https://www.ebay.com/itm/Munetaka-Murakami-BBM-2018-Rookie-Card-RC-Tokyo-Yakult-Swallows-Used-Very-Good-/377516157752
996,377516263261,Munetaka Murakami BBM 2018 Rookie Card RC Tokyo Yakult Swallows Used Very Good,Australia,Sporting Goods:Sports Trading Cards:Trading Card Singles,4000,Ungraded,2,0,,Active,FixedPriceItem,366.5,1,2026-09-23T00:26:44.000Z,https://www.ebay.com/itm/Munetaka-Murakami-BBM-2018-Rookie-Card-RC-Tokyo-Yakult-Swallows-Used-Very-Good-/377516263261
996,377516232864,Munetaka Murakami BBM 2018 Rookie Card RC Tokyo Yakult Swallows Used Very Good,UK,Sports Memorabilia:Sports Trading Cards:Trading Card Singles,4000,Ungraded,2,0,,Active,FixedPriceItem,195.17,1,2026-09-23T00:05:57.000Z,https://www.ebay.com/itm/Munetaka-Murakami-BBM-2018-Rookie-Card-RC-Tokyo-Yakult-Swallows-Used-Very-Good-/377516232864
996,377516236001,Munetaka Murakami BBM 2018 Rookie Card RC Tokyo Yakult Swallows Used Very Good,Canada,"Sports Mem, Cards & Fan Shop:Sports Trading Cards:Trading Card Singles",4000,Ungraded,2,0,,Active,FixedPriceItem,365.26,1,2026-09-23T00:08:08.000Z,https://www.ebay.com/itm/Munetaka-Murakami-BBM-2018-Rookie-Card-RC-Tokyo-Yakult-Swallows-Used-Very-Good-/377516236001
996,377516265650,Tarjeta de novato Munetaka Murakami BBM 2018 RC Tokyo Yakult Swallows usada...,Spain,Coleccionismo:Cromos:Cromos de deportes:Cromos sueltos,4000,Sin clasificar,2,0,,Active,FixedPriceItem,227.32,1,2026-09-23T00:27:36.000Z,https://www.ebay.com/itm/Tarjeta-novato-Munetaka-Murakami-BBM-2018-RC-Tokyo-Yakult-Swallows-usada-/377516265650
996,377516266123,Munetaka Murakami BBM 2018 Rookie Card RC Tokyo Yakult Swallows usata molto...,Italy,"Collezionismo:Carte collezionabili sportive, figurine:Carte: singole",4000,Non gradata,2,0,,Active,FixedPriceItem,227.32,1,2026-09-23T00:28:13.000Z,https://www.ebay.com/itm/Munetaka-Murakami-BBM-2018-Rookie-Card-RC-Tokyo-Yakult-Swallows-usata-molto-/377516266123
996,377516267001,Munetaka Murakami BBM 2018 Rookie Card RC Tokyo Yakult Swallows Gebraucht...,Germany,Sammeln & Seltenes:Trading Cards:Sport Trading Cards:Trading Card Einzelkarten,4000,Nicht bewertet,2,0,,Active,FixedPriceItem,227.32,1,2026-09-23T00:28:57.000Z,https://www.ebay.com/itm/Munetaka-Murakami-BBM-2018-Rookie-Card-RC-Tokyo-Yakult-Swallows-Gebraucht-/377516267001
996,377516703294,Munetaka Murakami BBM 2018 Rookie Card RC Tokyo Yakult Swallows Occasion...,France,Collections:Cartes de collection:Cartes à collectionner sportives:Cartes à l'unité,4000,Non gradée,2,0,,Active,FixedPriceItem,227.32,1,2026-09-23T04:19:03.000Z,https://www.ebay.com/itm/Munetaka-Murakami-BBM-2018-Rookie-Card-RC-Tokyo-Yakult-Swallows-Occasion-/377516703294
